-- phpMyAdmin SQL Dump
-- version 3.5.2
-- http://www.phpmyadmin.net
--
-- Host: localhost
-- Generation Time: Apr 09, 2020 at 08:08 AM
-- Server version: 5.5.25a
-- PHP Version: 5.4.4

SET SQL_MODE="NO_AUTO_VALUE_ON_ZERO";
SET time_zone = "+00:00";


/*!40101 SET @OLD_CHARACTER_SET_CLIENT=@@CHARACTER_SET_CLIENT */;
/*!40101 SET @OLD_CHARACTER_SET_RESULTS=@@CHARACTER_SET_RESULTS */;
/*!40101 SET @OLD_COLLATION_CONNECTION=@@COLLATION_CONNECTION */;
/*!40101 SET NAMES utf8 */;

--
-- Database: `hms`
--

-- --------------------------------------------------------

--
-- Table structure for table `appointment`
--

CREATE TABLE IF NOT EXISTS `appointment` (
  `a_id` int(11) NOT NULL AUTO_INCREMENT,
  `d_id` int(11) NOT NULL,
  `p_id` int(11) NOT NULL,
  `a_date` date NOT NULL,
  `a_timeslot` varchar(40) NOT NULL,
  `a_fees` int(11) NOT NULL,
  `a_description` varchar(300) NOT NULL,
  `a_status` varchar(20) NOT NULL,
  PRIMARY KEY (`a_id`),
  KEY `d_id` (`d_id`,`p_id`),
  KEY `p_id` (`p_id`)
) ENGINE=InnoDB  DEFAULT CHARSET=latin1 AUTO_INCREMENT=43 ;

--
-- Dumping data for table `appointment`
--

INSERT INTO `appointment` (`a_id`, `d_id`, `p_id`, `a_date`, `a_timeslot`, `a_fees`, `a_description`, `a_status`) VALUES
(1, 1, 18, '2020-03-23', '10:00-10:30', 150, 'FEVER', 'Confirmed'),
(2, 1, 18, '2020-03-31', '10:00-10:30', 150, 'COLD', 'Confirmed'),
(3, 5, 17, '2020-04-06', '01:00-01:30', 150, 'FEVER', 'Confirmed'),
(4, 5, 17, '2020-05-27', '05:30-06:00', 150, 'FEVER', 'Confirmed'),
(7, 1, 18, '2020-04-14', '01:00-01:30', 150, 'COLD', 'Confirmed'),
(8, 2, 20, '2020-03-16', '03:30-05:00 Monday', 150, 'FEVER', 'Confirmed'),
(10, 1, 22, '2020-03-16', '10:00-12:00 Monday', 150, 'COLD', 'Pending'),
(13, 2, 26, '2020-03-15', '05:30-07:00 Sunday', 150, 'COLD', 'Pending'),
(14, 2, 26, '2020-03-24', '03:00-03:30 Tuesday', 150, 'COLD', 'Confirmed'),
(15, 2, 1, '2020-04-20', '10:30-11:00 Monday', 150, 'XYZ', 'Pending'),
(16, 1, 1, '2020-04-21', '02:30-03:00 Tuesday', 150, 'ABC', 'Pending'),
(17, 2, 2, '2020-04-27', '11:00-11:30 Monday', 150, 'XYZ', 'Pending'),
(18, 1, 2, '2020-04-28', '03:00-03:30 Tuesday', 150, 'XYZ', 'Pending'),
(19, 2, 3, '2020-04-11', '07:00-07:30 Saturday', 150, 'XYZ', 'Pending'),
(20, 2, 18, '2020-04-20', '11:00-11:30 Monday', 150, 'XYZ', 'Pending'),
(22, 2, 30, '2020-04-07', '02:30-03:00 Tuesday', 200, 'CORONA', 'Pending'),
(23, 2, 26, '2020-04-14', '02:30-03:00 Tuesday', 150, 'XZZ', 'Pending'),
(30, 1, 18, '2020-04-14', '03:00-03:30 Tuesday', 150, 'Hi', 'Pending'),
(31, 2, 18, '2020-04-17', '09:00-09:30 Friday', 150, 'Hii........', 'Pending'),
(35, 2, 18, '2020-05-02', '06:30-07:00 Saturday', 150, 'FEVER', 'Pending'),
(36, 2, 33, '2020-04-10', '08:00-08:30 Friday', 150, 'XYZ', 'Confirmed'),
(37, 1, 32, '2020-04-09', '07:00-07:30 Thursday', 150, 'XYZ', 'Pending'),
(38, 1, 18, '2020-04-14', '03:00-03:30 Tuesday', 150, 'ABC', 'Pending'),
(39, 1, 18, '2020-04-14', '02:00-02:30 Tuesday', 150, 'XYX', 'Pending'),
(40, 2, 18, '2020-04-11', '07:00-07:30 Saturday', 150, 'XYZ', 'Pending'),
(41, 2, 18, '2020-04-24', '09:00-09:30 Friday', 150, 'MN', 'Pending'),
(42, 2, 18, '2020-04-24', '09:00-09:30 Friday', 150, 'MN', 'Pending');

-- --------------------------------------------------------

--
-- Table structure for table `doctor`
--

CREATE TABLE IF NOT EXISTS `doctor` (
  `d_id` int(11) NOT NULL AUTO_INCREMENT,
  `d_name` varchar(25) NOT NULL,
  `d_gender` varchar(30) NOT NULL,
  `d_mobile` varchar(10) NOT NULL,
  `d_email` varchar(50) NOT NULL,
  `d_dob` date NOT NULL,
  `d_status` varchar(40) NOT NULL,
  `d_state` varchar(30) NOT NULL,
  `d_address` varchar(300) NOT NULL,
  PRIMARY KEY (`d_id`)
) ENGINE=InnoDB  DEFAULT CHARSET=utf8mb4 AUTO_INCREMENT=7 ;

--
-- Dumping data for table `doctor`
--

INSERT INTO `doctor` (`d_id`, `d_name`, `d_gender`, `d_mobile`, `d_email`, `d_dob`, `d_status`, `d_state`, `d_address`) VALUES
(1, 'Dr. Disha', '', '8155867622', 'dishagelani@1999.gmail.com', '1999-08-03', '', '', ''),
(2, 'Dr. Jenish', '', '9624340947', 'jenish.tarsariya33@gmail.com', '2000-03-03', '', '', ''),
(3, 'Dr. Ayushi', '', '489516561', 'aaaaaaa@gmail.com', '1999-09-16', '', '', ''),
(5, 'Mr. Robert', '', '8975623568', 'robert1993@gmail.com', '1993-10-25', '', '', ''),
(6, 'Mr. X', 'Male', '9898787489', 'xy@gmail.com', '1996-01-03', 'Single', 'Gujarat', 'VB');

-- --------------------------------------------------------

--
-- Table structure for table `doctor_fees`
--

CREATE TABLE IF NOT EXISTS `doctor_fees` (
  `f_id` int(11) NOT NULL AUTO_INCREMENT,
  `d_id` int(11) NOT NULL,
  `f_amount` int(11) NOT NULL,
  `f_description` text NOT NULL,
  PRIMARY KEY (`f_id`),
  KEY `d_id` (`d_id`)
) ENGINE=InnoDB  DEFAULT CHARSET=latin1 AUTO_INCREMENT=7 ;

--
-- Dumping data for table `doctor_fees`
--

INSERT INTO `doctor_fees` (`f_id`, `d_id`, `f_amount`, `f_description`) VALUES
(2, 2, 300, 'Hiii'),
(3, 5, 600, 'Hiii....'),
(4, 1, 400, 'AA.....'),
(5, 1, 500, ''),
(6, 3, 550, '');

-- --------------------------------------------------------

--
-- Table structure for table `d_timeslot`
--

CREATE TABLE IF NOT EXISTS `d_timeslot` (
  `t_id` int(11) NOT NULL AUTO_INCREMENT,
  `t_title` varchar(30) NOT NULL,
  `t_description` varchar(300) NOT NULL,
  PRIMARY KEY (`t_id`)
) ENGINE=InnoDB DEFAULT CHARSET=latin1 AUTO_INCREMENT=1 ;

-- --------------------------------------------------------

--
-- Table structure for table `laboratory_test`
--

CREATE TABLE IF NOT EXISTS `laboratory_test` (
  `lab_t_id` int(11) NOT NULL AUTO_INCREMENT,
  `lab_t_name` varchar(50) NOT NULL,
  `lab_t_cost` bigint(20) NOT NULL,
  `lab_t_duration` varchar(30) NOT NULL,
  `lab_t_sample` varchar(80) NOT NULL,
  `lab_t_description` varchar(300) NOT NULL,
  PRIMARY KEY (`lab_t_id`),
  UNIQUE KEY `lab_t_sample` (`lab_t_sample`)
) ENGINE=InnoDB  DEFAULT CHARSET=latin1 AUTO_INCREMENT=23 ;

--
-- Dumping data for table `laboratory_test`
--

INSERT INTO `laboratory_test` (`lab_t_id`, `lab_t_name`, `lab_t_cost`, `lab_t_duration`, `lab_t_sample`, `lab_t_description`) VALUES
(1, 'Lipid Profile', 700, '3days', 'Sample of Blood', ''),
(5, 'Complete Blood Count', 600, '2days', 'Blood', ''),
(6, 'Lipid Panel', 300, '1day', 'xyz', 'xyz'),
(7, 'Urinalysis', 500, '1day', 'abc', 'abc'),
(13, 'Blood Chemistry Test', 300, '3days', 'xyx', 'xtx'),
(19, 'Blood Glucose', 350, '1day', 'xya', 'xya'),
(22, 'Hematocrit', 450, '2days', 'ree', 'reg');

-- --------------------------------------------------------

--
-- Table structure for table `medicine`
--

CREATE TABLE IF NOT EXISTS `medicine` (
  `m_id` int(11) NOT NULL AUTO_INCREMENT,
  `p_id` int(11) NOT NULL,
  `m_date` date NOT NULL,
  `m_cost` int(11) NOT NULL,
  `medicines` text NOT NULL,
  PRIMARY KEY (`m_id`),
  KEY `p_id` (`p_id`)
) ENGINE=InnoDB  DEFAULT CHARSET=latin1 AUTO_INCREMENT=15 ;

--
-- Dumping data for table `medicine`
--

INSERT INTO `medicine` (`m_id`, `p_id`, `m_date`, `m_cost`, `medicines`) VALUES
(5, 18, '2020-03-03', 500, 'Cipla: 10days,\r\nClofr: 10days'),
(6, 17, '2020-03-24', 300, 'Cipla: 5days,\nViagra: 5days,\nParacitamol: 1day'),
(9, 2, '2020-03-30', 600, 'Cipla: 5days'),
(11, 1, '2020-03-18', 700, 'Cipla: 5days'),
(12, 9, '2020-03-17', 230, 'xyz'),
(13, 18, '2020-03-30', 250, 'XYZ'),
(14, 15, '2020-04-20', 250, 'XYZ');

-- --------------------------------------------------------

--
-- Table structure for table `patient`
--

CREATE TABLE IF NOT EXISTS `patient` (
  `p_id` int(11) NOT NULL AUTO_INCREMENT,
  `p_name` varchar(40) NOT NULL,
  `p_email` varchar(40) NOT NULL,
  `p_gender` varchar(20) NOT NULL,
  `p_dob` date NOT NULL,
  `p_status` varchar(20) NOT NULL,
  `p_height` varchar(10) NOT NULL,
  `p_weight` varchar(10) NOT NULL,
  `p_contact` varchar(15) NOT NULL,
  `p_econtact` varchar(10) NOT NULL,
  `p_state` varchar(50) NOT NULL,
  `p_address` varchar(300) NOT NULL,
  `p_pic` blob NOT NULL,
  PRIMARY KEY (`p_id`)
) ENGINE=InnoDB  DEFAULT CHARSET=utf8mb4 AUTO_INCREMENT=34 ;

--
-- Dumping data for table `patient`
--

INSERT INTO `patient` (`p_id`, `p_name`, `p_email`, `p_gender`, `p_dob`, `p_status`, `p_height`, `p_weight`, `p_contact`, `p_econtact`, `p_state`, `p_address`, `p_pic`) VALUES
(1, 'kishan', 'kishu@gmail.com', 'Male', '1999-10-02', 'Single', '', '', '9723592915', '', 'Gujarat', '', 0xffd8ffe000104a46494600010100000100010000ffdb00840009060713111015101313151515161818151616181515151815171715161618171518181e2920181a271b181521312125292b2e2e2e17203338332c37282d2e2b010a0a0a0e0d0e1a10101a32261f262d2d2d2d2d2d2d2d2d2d2d2d2f2b2b2d2b2d2d2d2b2b302b2d2d2d2d2d2d2d2d2d2d2d2b2d2d2d2d2d2d2d2d2d2d2d2d2d37ffc000110800e900d803012200021101031101ffc4001c0001000105010100000000000000000000000501030406070208ffc40048100002010203040704050a040407000000010200031104122105314151061322617181910732a1b12352627282141533424392a2b2c1d1536373f0163493c244548384a3b3e1ffc400190101000301010000000000000000000000000203040105ffc400291100020201030402020105000000000000000102110304123113214151226171a1e10523324291ffda000c03010002110311003f00ee31110044440111100444401111004444011110044440111100444401111004444011110044440111100444403cd470a0b136005c9e406f331b666d0a788a495e9366a6e332b0e20cd6fdab6d0ea765d6b1b1ab968e9bed50e56b7e1cd3957447a695f05714c8646376a2f7ca1b8b211aa5f8db4d3771907349f72d86272568fa122736a1ed6a9dbb785a97fb0f4c8fe32a67b7f6b5478616b9f16a23e4e6777c7d9ce94fd1d1a272dc47b5a6fd4c281f7aa9ff00b57fac88c5fb4dc73fb9d4d3f042c7d58ff49cea44eac137e0ed12d6271494c6677541cd9828f8cf9fb1dd27c756be7c657b1e08fd50ff00e200fc643ba663998b31face73b7ef3dcfc647aa8b169a5e59df31bd39d9f4af7c4a311c12f50ff08320b1bed5f0cbfa3a35eaf92d31fc66ff0009c8329e7f08ed771f5122f2bf058b4f1f2743c57b59c41bf5785a283817aaf50f9aaaa8f8c8ac47b48da0dfb4a69f7290ff00b8b4d4339e2a7cac7e5afc20555e7eba7ce477c89ac505e0d81fa6b8f6ff00c5d4f2083e4b294fa638f5dd8babe790fcd640b5b8dbd6782f6dcc0f7123e723b9fb25d38fa375c17b49c7d33da34aa8e4e9949fc6845bf74cddba39ed270d88229d65387a874ed10d4c9fb3534e3f580338b53aa0ee3e53dda496492212c109707d380cace35ecf7a6a70acb85aec5a8310a8c4926816360093af55723eedf96eec80cd119268c73838ba65622274808888022220088880279a8d604f204cf53136b54cb42ab72a6e7d14c039cfb50da6315b1a86217754a8848e472b823c882271b064a6136f30d9cdb3dc1642e95699047d1bdeefbf7a3024f893ce454cf376cdd862e29a321316c37ebfef9cbcb8e1c4198378902e2446393bc794afe569cfe1236532c50b248e317bfd27838f1c8fca606be3f08cd142ccd38e3c17e32db631bb8794c6cb173142cbc6bb1e265b637dfacf39c4a8302ca64e5a403c0cf52845e0e50225ca38961a5fca5b5328fce07d92d46a871f313b77b2ddb871383ea9cdea61c8a6c4ef6422f4dbbf4d2fcd4ce0142a65607d7c274af6498ceaf6814e15a9329ef34ce74f81a9eb278dd32acf1b85fa3b44444d0611111004444011110048fe907fca57ff004aa7f2192130b6d2df0d5873a6ff00ca601f2a2ee1e03e53dcc7c3d5ec8bf21f297b7778995f27a517d8a16b6f95b03ba342259604406e8bdaf8c0696c5432a6a0e5142cbb2865aeb2ddfe31d7450dc8f796dbbd25434b45ccf2628e6ef45fcc2792c2590656768e6e2e0ab1d6cb465628e6e65c5abbe54b02259106286e32a6c9d19db070988a3890b9f25c95bdae0ae5363c0ebf09acd36b899181af63aee3bbba47826ea4a99f4eec0db54b194457a26e0e841d19186f561c08ff00f44929c33d9aeda386c72213f458822938e01883d5bf8e6b2f83776bdce698cb72b30e486c950888922b1111004444012de212e8c39823d44b9100f913154f23b2f2623d0913cab5a4df4c707d563f154ad6cb5aa7a31ce3e0cb20ad287c9b5709977383bfd656fdfeb2cc5e46896e3db2f87acf04c47fbf19d38018222d1000959431004aca1958050caca4180040952381d0f104107d0ca402a1bd38cc8131a5ca4d7d271a25164becfc51163c508607ee90c3e227d4187a99915b9807d45e7c9c1f2827b8fca7d57b287d052ff4d3f9449e2f253a9f0654444b8ca22220088880222201c07db2ecfea76a1a96ecd7a6953f1a5e937c169facd11d2f3b77b71d95d661696240b9a2f958dbf52a587a66093890ee3eb289aa66dc2ee1459897596fca5920ce126a8ccd9380388ac94574cc753c946ac7d3e73a97e6ba3d52d034d4a28b0522f6eff1ef9adfb3dd9f951f1046ae722f72a9d6de2df213700664cd3f952f07a1a6c4942df9357da3ecfd5867a4cf4bb88ce9f12187acd7317d10c526e55a839a37f46b5be33b9e1aa664563c40966b6cea6dae5b1e6349d59648a5c71b7dd57e0f9f31181ab4fdfa5517c51be76b4c42e06971ea27d08fb147073e626354e8f03bfab3e280c9acfed117823e25fa382758bf587a89768d267f7159beea96f909dcd7a36a38521f807f69914f61dbf580f058ebfd05823e65fa38ee07a2989abbd0531cdcdbd146a7e136dd8dd13a340876fa5a835bb0b283f657fa9b99bea6c741bcb1f84caa38344f75478ef3f195cb24a459158a1df934ddafb1a9d7502ad3de3b2d6b30fba6736dbfb0aa611c0273231b23dad7ee61c1adebf09df7138715172b791e47ba6a7b5f662bab50aa2e0ffb0cbc8ce432383fa25284732f4ce3369e94da646d4c0b50acf45b7a9d0dbde53aab0f11f10662da6ce4c154ccdc3d3ceea9f59957f79809f57d04caaabc801e827ccbd05c2f5db4b094b7deaab1ee14c3553fc9f19f4ecb31aec51a876d0888961408888022220088880606ddd96b8bc356c33fbb551909e22e3461de0d8f94f9571b857a351e8d416a94d8a38fb4a6c6ddc778ee227d7338afb6fe8c94aabb429af62a5a9d6b7eab8f71cf730ec93cc2f3909ab4598a54ce559a5093c06bc0733c04f524ba3785eb717452d701839f04ed7cc095375dcd6936e8e9580a0b86c3a21200a6a0127417b6a4f9de416d5e97952570f87ab54fd734ea04f2b2ddbe13699e6ad50a2e4fccdfc00df30c64aedab3d69c25b6a2e8e7d5fa73b4ed6bb53005804c3b2dbcdc13f19869ed0b1e87fe68df930a7f10566fd5b6c2836ecaff00a95569dfc85cfa8133306ad585c2d261f66a2b7f3012feaa5cc4c2f4b6fb64356d8bed6ea0217134e9d417f7a9765f80f70921bc88f09d4f676396bd25aa9982b0b80c8c8c3c55802242e183d06cd92c388ca35f31c66c34ea060181b83acae528cb8543a52872ed1ea79aaf954b1be82fa024e9c80de67a96ebd608acedb94163e005cc803997497da8554634f0f8734ec6d9eba383e54f4b799f29a8d6e9c6d0aa74c4d4f0a6800f20ab3bbe1c38a62e2ee75617b00c7522fddbb77091d8cdbab44d9df0aa793620a9ff00eb9a2334b8899e506f991c9b05d23db03dd38a7e59b0ece3e29fd66c587e96639c018ad9f58dbf6b4a8d4536e21a99bdfc8f94e8184db29505ce83eb065a89fbe84dbf15a48032329a7d9c49e38ca2ed48e3bd36a295a8a6292f74391ae0a90ac740ca7504373e734a9da7a5bb373d3ad4b85446cbdc6da7a35a716537b193c32b544f511f9297b3a5fb0bd999f1b53104694691507edd56037f30a87f7a7749a0fb16d97d4ecd1548d6bb1a9f807613e02fe737e9b22a91e6cddc84444e9011110044440111100487e962a3e15e8ba07157e8829dc4be973e1a9f293120ba4a7b5871fe631f4a353fbc8cdd45b25057248e698ff65b44d2fa1ab505503de72191cf22a0764787c66add06c0b2e2ea8752ad494ab03c18b588fe1336be916d6a94b1aac8c73200ccb98e52a75285777bb617e075e1329e921c555c425ad5e9d0a9e3d9717f87c261949ec767af8f154e2cbb51c282c770049e3a0d644ec2d9b536b835bae6a186ccd4c04fd354cba1ccc7f46bdc24bcf5d025183ad530dfb3a8fd7513df6edd2f116b8eef09dd22839fc87f5279562b871e4d4ba43d0ec18c257c6d1a894c5076a5d533977a8cac149a8ccd7ce4fbaa05ad6e734dd878829554d3a8d4bb4a095d458917254e8d36df68fd0bad4f1553114e9354a3558d45a8899ca16f791c0171adf5dd633cf433a1e715d4a8c3d6a656ae7af887bad36a205c53a74db5cf7b6a3bf5e136495baa3cd84b6c6d33a2ec5ad5d5ce1ebaea05c30d51d783213c0ee2a7507bad265100d00b09938ca40300386eeeee96261cd18c66d44d98724a704e4bb8987b4466c94f83382df753b67cae00f39992c3d2cd5013a80a47ef1d7e0256b926f834bf6878faff00929a8b51a8d2675a68174a9589b92ccdbd29d83100589e76dfcb364e1e956c552a351969a54a815eab1d1413ab1be9c85cf313e80e98f473f2fc0b52420540454a64e833adfb24f004122fc2f38d6dee8cd66c595a5b3ebd0072a8a603550481666eb2d96c4eb6bfce7a3b146ab83cf8ce52bbe4dd767742f082b56a185c4ba56a1d5b0c4517d18540d65ac809466054dec05c15bc97e8d6dc6388abb3abe5388a23317a608a7513b3adbf66dda5baeee53d740fa3ff009af0952a622cb52a956651af56880e54d3de72ccc6c38b01c25de8bec76a6f5f19556d5f14f9dd7fc341ee52b8d0902d7238c8ea36ec57c8d3b9751ed7d891db347353cdf54dfcb719c15f00cf8a3874f79aa9a6b6e17722fe435f29f43d44cc0af3047ace3385434f1d89ac346476a74cf2a8e0dd877aa027f1accb87c9e864f9251fb3aee04d5c1d2a612ab3d3a2aaa6932d20bd5a00bd8c8a0ab002e3537b58efb8dc9181008dc751397742f126a61dc12c6d9c1ccc5883bf79f123ca745d8cd7c3d23fe5a7f289a3049bb4cc7aac6a0d519b1113419444440111100444401217a4c9d9a4ff0052a8bf83ab53f9b09353136ae13ada2f4c6f23b27930d54fa81232569a25174d338df49f0ff4f8c73bf361954f20ec01f500af9caec1c45fe8f8aa903ee672ca3cb3b0f49b762766ae269546dc6b520a79aba12478156d3c56685b2aa1a7895470558e7423ed01722ff87d2607de2d1eee29a746d125364e155e9be6170481de2da8208d4106c411a82048b935b08f61bef7f41288f25b9ffc0cda3d7268b5ae3eda063e64117f3991f94553ef3feea85f8ea679897bcd36aacf3560c69dd088895968889406701e8311b988f03feef28f5ebee1540ffd304fce22591c928f0cae58a12e518c30b760f51daa30d56f60aa79851a5fbcdcf2b4c98891949c9db2518a8aa484e51b6d97afaa547bb51ce83de62e0b78921517f0ceaaef94163b8024f80173399f45f0df95e255ac72dfaf7274d0b16407c5be0a64f1f6b65b0abb7e0d83a354ba938f005956a90bff004c103f8809d3f034725244faaaabe8009a9613023ae5a43f6b54d7a87ec2107e2c292f999ba4d381766cc1ab9ee908889a0c822220088880222200888806adb4a87515cfd4ac4b2f2154eaca7966d5877e69a5f48766d5af885aab8734cd3bb97bab758501b0d398ec8e3aeb3abe2f0a9550d375ccadbc7c410781075046e90fff000f37ba710e539594542391a83bb4b817efbeb334f0bdd7135e1d4a8c699a38208b8dc751e077496d82fab2f81fe93031d80186aaf8702ca9fa31fe59d500ee1aafe197f6354b55039823faff004985adb2a67b0e4b262dc8d8222274c62251d6e08e7a69358c6d1c7d263d5e5a8bc097706dc8ad8ebdf04924cda0c80d89b503e27154f875cb90ff00ede8dc7a82661d3da588652b511d4db51d821beeb7f7023606c7a819ea3685ea758d6be96555555bea7451af8cedf24fa49776cdae22270a844440237a454daa61aa514395eb29a4a7917520b792e63e523fa294da851c8f87ea40ed3bb32d9ac379e3a016e527f0db38626a35d99452d1594d88aac2e74dcd6520106e3b724286c0ed06ab50d40a6e132844b8dc580b962395edddba69861938944b5118da2bd1cc31b36218106a582022c5698be5b8e04dcb11c2e0709350226c8aa548c129393b6222274e08888022220088880222200888806bbd30d926aa0ad4c5ea52be83f6887de4f1dcc3bc5b899a6e1ead8ab8d7730efe33aa4d13a55b1ba8735e98fa2737a807ecdc9d5edf518defc89bf12464d462bf923d1d0ea76ff6e5c3e091470c011b88bcc77c59154a1439028635386626c1401aee0493e123365e3f2761bdde07ea9fed2741991334e4838b236bedfc2a1b357a77fab9c16f4df312a74a297eaab37a0f999315b0c8fa3a237de556f9891cfd18c131d70987bffa283e4276bec8a75e0c41d295ff0009bf7965fa7d26a1fac4a7deb5bd418ff84301ff0093a1ff004c4bf86e8f61299cc985a0a798a497f5b4e57dfe8eee5ebf7fc1706d547a65e815ac4025551af9881bb30d17ce66517ccaac415b806c778b8bd8f789e945b41a0eed256748896ab39d1505ddce541ccefb9fb206a7b877cad7ac114b31d077124f2000d49e407392bb136714fa6a82d5185b2dc1ead2f7c808d2f7b1623790378025b8b1ef7f4539b2ec5f666ecec18a34d698d6d7249decc4dd98f79249995113d03ce1111004444011110044440111100444401111004f3510302a40208b1077107819ea201cf76fec338539d01340f1de68fd96fb1c9b86e3c0cb580da269f64eabf11e1fda7456504104020e841e3dd34adb7d166a57a98705a9f1a5fac9df4afef0fb07cb758e3cd83fda27a7a6d5a6ba797fe9994aa861994dc48fdadb129e2356b86e6091f1520891184c5953990f711dfc981dc7ba4d6176aab68dd93f03e06654cd52c4d775dd11784e885256bb3d46ee6ab59c7a3b11362a74c280a0580dc27a113b7654278ad55514b31b01f326c001bc9274006a49947ab6608a0bb9dc8bbcf79e0a3bce925365ec8ca455ad66a835503dca57d3b37ded6d339dfad801a4b31e273fc1464cca1f92dec9d984b0ad58588fd1d3fa9f69b9b9f80f33272226f8c54552304a4e4ed8888922222220088880222200888802222008888022220088880250cac4021b6c74768e20e7d69d4ddd625813c838dce3c7770b4d531fb031344fe8fad5faf4f53f8a99ed7eee69d122553c319f268c3aac98b87d8e6941710beed2c47875352dfc42d361d9bb3315505eae5a2390b354f85d17f8a6d51211d341327935939ae123170180a7445916d7d59892598f3663a9332a2268320888802222008888022220088880222200888802260d7daf45035ea21cacaae0329285dc5319c5fb2331d49dd632ea63e9300c2ad320ab3021d482ab60cd7bee17173c2e201931231f6fe183f566b206eb3aab665d1f21a963ae9a0b5f9e9327f3951ed7d2d3ec7bfdb5ec5cd866d7b3ae9ac032a26155dad416f7ad4f452f60ea4e5009240bded6067aa5b528b140b56992e2e803addc6b7ca2faee3bb918065c4c33b4e966ca2a2b3660842b2b1526f6cc01ecee3be5e38ba613adce9937e7cc32db77bdba017a262aed1a24a8156992e2e833addc73417ed794f1f9df0f723afa3704023ac4d09240075df7047940336250998fb471a28526aac18aa02cd945c800124ea780100c989858ada2b4cae657ca72f6c0055731b0cdadf7db7032b4f68a9a8691574366605800195480c41beed46fb6f8066448a5dbf48a0750ed776a6058024a5cb1198816b026f79e936e522c806621fabb35ac075a2e8083adcf869c6d0093891b87db2952f911d881994594175cd96eb76e7cec679a7b7118290950b397012cb9ad4d82bb7bd6ca0902f7d6e2d0094898236aa75bd4d9ae58a06b764b84eb0a5efef6504eeb6866740111100444401111004a4ac40215f62312c0d4010ba5408a8d96e95d2b1be6722e72917000ed13633ce336133e629542965ae86f4f300b5cd326c330d41a635ef3a49b95804354d8efd6675aaa2d545650699363d41c3b02438b82a6e2d6b1e72cd0e8e655c99d4805329eadb3055aa954ab12e41be5b68179eb27e201138ad92cf559c540aaeacacaaad76ba14ed12f94dae0e8a0f646b2cfe6472c0b55522f499c0a4416341f326425ce41a0befbeb6b5e4e44020ea6c12f4461dea034c3065ca851ec093666ce431d77d8778379915b67547a611aa2dd0d3652295806a66fda5cda8361a022dc3ba522010d5f63bbb876aaba9a2d500a64666a0f9d7212e72026c0839bcaf3c54e8fdd6d9c03d557a57c9fe3d447cdbf865ddc6fbc49c880616d6d954b1544d0acb990e5245caeaac186a35de04a6d5c1355c3bd046099d0d3ccca5c00ca54e8196e6c79cce8804457d9b59de9135a995a60664ea5ecce0fbe3e974b0dc0e6b1d794f2363bb3d535aaabad405405a6f4dd12fa207eb08b6fbd945c9933100807e8e76728a81be95ea5aad3eb53b62d94ae617239df7f084e8e90f4dbadbe41486664bd5fa200766a66ec86e22c6f7327e20107b3b61b51ce4545cc50a2b0a594dc9b8a957b67ac7bf1ecf1e73ce3fa36b5129aab2834e9bd1bb53eb3b2f92ec066196a5d010dadae74327a201114f6311583f59745a86b04cbdaeb0d234ae5f36ab624db2efe325e220088880222201fffd9),
(2, 'jenish', 'jenish@gmail.com', 'Male', '2000-03-03', 'Single', '180', '57', '9624340947', '9624340947', 'Gujarat', 'KATARGAM', 0xffd8ffe000104a46494600010100000100010000ffdb00840009060710101011101212101310151515171116101519171715171615161a1515151818282820181b251b151521312125292b2e2e2e18203338332d37282d2e2d010a0a0a0e0d0e1b10101a35221f252f302d2f2d2d2f2d2d2d2d2d2b2d2f2d2d2d2f2d2d2d2d2d2d2d2d2d2d2d2d2d2d2d2d2d2d2d2d2f2d2d2d2d2d2d2b2d2d2dffc000110800e900d803012200021101031101ffc4001c0001000105010100000000000000000000000503040607080201ffc4004810000201020207040607030b030500000001020003110421050612133151914152617107223281a1b11423426272c1d182b2c2151633344392a2b3d2e1f02553a31824357374ffc4001a010100030101010000000000000000000000020304010506ffc400271100020202020103040301000000000000000102110312042131133241142251617181b152ffda000c03010002110311003f00de311100444401111004444011110044440111100444401111004444011110044440111100444401111004444011110044b6d238d4a14aa567bec5352cdb22e6c38d84c0b1be93b88a34001d86ab5ffc2bfac84a718f92c86294fc1b1a26a1c47a41c6b70744fc083f8af2c2aeb6631f8e22b7ecb6cfeeda54f90bf05cb892f966ed89a25b4f620f1af883e751cfe73c7f2bd5ff00bd57fbedface7d4fe897d1bffa374694c7d5a39a61aa565b6669b2dc786c9ccfba419d7ca2a766a51c423768216e3dc48335b2698add95eb0f2a8dfacf5574c5771b2f56a3af2a8c5c7b835ed2b96797c16478b15e7b369e1b5d302f91a8c87efa1f98b81d64d6131b4aa8bd3a88e3ee303f29a237d3d53c4b290caccac38153623c8888f265f284b891f866fc89aa3446be62a8d854b574fbf93fb9c71f78333fd05ac986c60b536b54b674df271e43ed0f1179a61963232e4c1387926222258522222008888022220088880222200888802222016f8fc28ad4aa516f66a2321f26520fce7393b3233d37caa5366471c994956f8833a56682f4acb41349d4345d4b32ab5755fb152d6209e172a1491cc9bf195e48ec69e3ce9b4436fe37f23571179ef7928d0d9b17fbf9f4543e323f793d2d723b6343bb121b467d0c79cb118a33efd2a73562c90155bc27adf48efa488fa489cd0eec48efa7aa7892a43292181b82a6c41e608e06467d244fa2bf9c68363696ac6bf175386c53ec33295a78819589161bcec06ff6b873e727b513582b57df61713fd6681b31c86dadc824db2b82388e2089a437d326f47bac74b0da410d7a9b295299a5b4dc012536368f62faa05fb32ec96c1cad19b2e28eada37b4444d061111100444401111004444011110044440315f48dacff00c9d832e96fa4543b1401ec247ace472519f9d876ce7562492c492c492c4e64926e493da4924ccdbd2ce96389d24e80fd5e1c0a483b36bdaa87cf6885fd8130cb48b66bc70a4532d3e8aa44cab446a96f6917ac595987d581c579330edbf2e5f0c7f4c686af853eba929d9517353e7dd3e07e32119c64e8b65092565b8af3d6fc4b3da8da93d48eecbddf08de8e72cc1bcf4046a86ccbade8e73eef25b6d8106b09cd4eec5d6dcf86a4f7a3b46e23127eaa992bdf6c907ed1c8f90b9999e83d4e4465350efaaf6023d45f77daf33d25739c61e49c632978306356fc2522b799beb76addb6ab535b30cea28e0477d7c79f3f9e1bb33b09a92b4727169f66ebf43bad271340e0ab316ad405e99639bd1bd85f994242df915edbcd8d399f53b4a9c1e3b0f88bd94385abcb76feabdfc81daf3513a625a998f2c6988889d2a1111004444011110044440129e22a844676f6554b1f202e654909aed5f77a3b18ddbb8a8a3cd94a8f9c1d4add1ce588acd55deab7b75199dbf1392c7e24c9ad52d0fbfabb6c2f4e9919779bb17f33eee721c21390ccf60136ceade8b187a08a7da02e7f11f68fe5e4263cd93589ea422acbec26102fac736f97fbcf98bc02bdf219f10781f312eaf179e7eceecb6cc1b4a6a4615c93b0d458f6d2365fee9baf4b480c47a3ea9fd9d7423b03a11f104fca6d839ca2d8643d96f297c79535f245e383f28d42da878dec6c31fdb7ff0044a94b507147daa9875fc25dbf844da7530e83ed1f9ca4698ec0c65bf57323e8c0c070de8f97fb4aec7c29a05f8b13f293780d54c1d1cc52db6e754edfc0faa3dc264ab8563e1e72bd3c228e39fca572e44df964d4211f08b0a3862d928cbe0249e1b0e10733da654196427dbccee5649b2962f0e1c7de1c3f49a9f5a344fd1eb1d916a6f72be07ed2fb8fc089b76f2035c3456ff0ec40f5d7d65f31fa8b8e92dc193591092b46a864b8b4e97d54c69af81c2d639b351a65bf16c80df1067376ccdf3e8aeb6d68aa00f153557a557b7c089e9c1f662e42fb5332d8889619044440111100444401111004c63d253db45e27c7763ad54993cc5bd268ff00a656fc54bfcd49197b593c7ef5fc9a8f54b476f714971eaa5ddbddecff00888e9366cc5f5170bb34ea55ed660a3c945fe6df0993de7939a5723d648f513cde61dacbafd470e5a95002b561704dfead08ec247b47c0751230c729ba8a392928f9333965574be195d69b57a22a310aa9b6bb4589b00071bde695d2dac58bc55f7b59ca9fb09eaa796c8e3efbcb6d06db38ac29e16af40f4aab362e17572652f3f7d237fcfb3cde2f301a0f53165d7dc08ab528d43569b2547a659d2ea4a3152414bd865da04ca019cffa411cd5aae51c06776cd48f6989edf39ab8d86392f62acb371aa37d60f194ab2edd2a89513bc8c187c2579cf581c6d4a2fbca351a9b8fb486dee3d84781ca6c7d55f480b50ad1c5eca39c96a8c918f6071f60f8f0f292cbc4947b8f68e43327e4cfa7c22f3e5e2f31971aaf587476e313553ecdf697f0b663a663dd36c7a233ff004eb72ad507ee9fce61daf784beeab0f146f9aff14ccbd132db00dffdcffba93d2e3cf6a32f257d8669111359e78888802222008888022220098cfa465be8eade74bfcd4993481d7aa7b580ae3f07f98b213f6b278bdebf9313d0347630d497eeed1fda37fce5fca74c5800380000f709eaf3c77e4f60c1b5e74de22a553a3f0a9536ca83599410486192a9ec5b716f773911a335018806bd50bf728e67dec72e83df36362c660f87fcf9c8fd218ea54136eab0504855e24b31e0a8a33663c84d30cd2515182aff00595bc71bda444e1b54b054ff00b10e79d425be072f84bfa3a1f0c8415c3d0520822d4d4588e078453c562d976c68dd25bbe669a06b73ddb307f85e5c60f1695812a5aea6ceaeac8e8ddd7460194f98f1919fa8bb959d84b1bea344dde27843909ee67a267c6391913692950e47c8c87c663128805b689636444567776eea2282cc7c878c9455f42e95b2df19a230f5bfa4a34dbc4a8bfb98662633a5750a9b0270ee51bb953d653e01b88f7de64f53158b55db6d1ba4853e629a335b99a6ac5fe12b6031d4aba6dd260cb721b882ac38ab29cd58723342797177e0aef1e4ebc90ba878fc55376c06269d4f514b52722e028206c96e046791f31ca66d2d307dbee973794e496d2baa2518eaa88fd62a1bcc3541da0061fb26e7e179907a304b60078d5a87e43f291955769594f02083ef1277d1f52d9c052e65aa1ffc8c3f29a389eea33f2fd9fd991c444f40f38444401111004444011129e218846238852474808c7f49eb195665a76b0cae45ee472e4243e2f58ea56a4f46a2290d6b15b822cc0e633bf09095ebcb47c68464dafb4c00b789e3e5307a937f27bcb8b8e31f064287213d4a344e52a5e6492ec81e31032124b56b4551435348d7d9ba065a2ce32a34d47d6baf26660413c91473bc7997da6a8362742e2a853cea0a6c0a8e2406db2a076dd72f1bcd3c4adccdcbbf4ffb223597d277d1a90ab4fe8bbc246c616a9738865dab5eaec65876b063b2d7e16bdf2177a234be1b4de14e2e926eb17446cd6426ec0589d8245b6d0e654d8660f0f584d20ba38760ca6cbf435826a1f4fc410452dda25fb19c16200e6403fe3137cd271699e7c1b524d1922764a9292f64ab3c748f68a6fc0fbe5f6f28e8da6959955f175eca9bc608a8971edd437dd525da52cd6249602c4ec8960ddb31bf4cf816ae7018902f4b76ca0f62b92091e048fdc335f112d9b31f31bd522f71be98530f8b5a4df47c5618fb75707bc0691b9b8b3fab56d91ba91f91c9359345d1a9bbd2587d9fac5515993d9ad4d85e95436e2ca4800f75c8e56d08747784df9a1e8361b42e16854b8a869a00a788b9da0a4765972f74d796b47663c37baafc91d40652acf027dbcf20f5c39c8ca981d617a14968a2a80a5aecd724ddd8e432b7196f58e520d71a1d9f67ecb106fe078f9652fc4da5689471c66ea4accf746eb1ed3857b1072da02d62798b9ca64935450af369e1d89452789504f49b304dbb4cc3cec31c6d38f56548889a0c02222008888027c22f94fb100d4fa4b0e69547a678a315e9c0fbc48bc751da008e226c3d6fd04d57ebe90bb816751c580e0473239768983b0b120e447107b3ce61945c5d1f43c7ccb2c13f9f925b0f53e32bde47d06f547fce12f29d4b8f194648fc94ae9d152f2e3058da945b6d08e4c0f061c8fe47b25ade2f2b8b71768349aa67bc5e0746567352a60eaad426ec28b808c7b7ed2fc84af5b140a2d1a54d68e1d3d9a69da7bce7b4f6f9e649ecb5bc5e5b2cf392a6551c108bb48f6a7395a52a256f99b4a8f557b09b78cad235461652639caf47140536a3569ad6c3b7b54dfb0f790f61edeccf30476dbbb03c279bcec64e0ed1564c69fdb23de1305a328b8a94f0755aa0375159c1453d87da6eb632be371b52b36db917e0a07051c87e67b7a096b78bc94f34e6a995c30c20ed23d5e2f3cde79a952de72b4acb4f15dfe131fc152b5c9e2d25ebb7aa7fe71964a2e401993c00edf29a12a545b83e5973a370e6ad44a638bb01fa9f709b5c0b65317d50d04d4bebea8b3916453c541e24f2279760f3994cd78614ad9e5f3b329ce978422225c62111100444401111004a35b0949cdda9a31e6ca09f8cad107536bc1896bae16c6955032b6c1b7866bfc5d26301ad362e9bc16fe83a0f6ad74fc4331d787be6b7bccb9a3523771e771afc172b5f9fc27adf896978bccef1a346ecba35c4f06b9f098c6b269f382af8177fea8d548c56c8bb15cb8768b02cd9667666c64d5ba55e9ad6c2e215e938ba13665607932fe92c8e0ead154b3a4e998ae2b12ca6fc54fc0ca1fca1e3323afab38a5cb615c7dd61fc5632cbf9b55eff00d5dbe16f9da3d3fd1743954aad32c30b896637e0a3b7999762b9f09234356714d96c2a0fbcc3f86e65f3eadd2a14dab62b10a94905dc8b2aa81cd9bf49df45bf82b9f255db6418c409f77e2629ab7a7ce36be39d3faa2d5030bb42cc173e3da6e02b6798da9905e572c493a251cbb2b45cb62397c6512d79e2f178514bc072b329d4ac2ed355aa45c01b02fdb7cdbe43acca28e12921bad3453cd5403f096ba0b05b8a0887dab5dff11ccf4e1ee9213742351479d926e527422224ca84444011110044440111100444401301d6dd1db9adb607d5d4b91e0df687e7ef3ca67d2d34a60171149a9376fb27bac38112138ec8b314f4959abef179ef19877a2ed4dc5994e7f911e0651da9928f42c87d71d10719847a6a2f517d7a5e2cb7f57de091ef1356eaf6b4e3f46b9385af52967eba714272bed536ba9395af6bcdd5b530ad71d4afa4b36230fb2b58e7510e4b50f794f0573db7c8f1c8def6e39ebd333e6c7b768bad1de9eb482655b0f85abe2bb54d8f9e647c249ffea09edffc7a5fff00d07fd134ce3309528b9a7551d1c7157041f8ca13498cdb5a47d3d6907ca8e1f0b4bc5b6aa30f2cc0f84c035875a71fa49c1c557a9573f5138229cedb34d6ca0e76bdaf22f0784a959c53a48eee782a024fc26c9d4ed4afa332e2311b2d5858d3419ad33de63c19c765b21c7336b425351270c6e4fa27753b441c1e1129b0b546f5eaf8335bd5f70007b8c9bbcf1b51b532befb3d04a9523dde4e6a9e8edf560e47d5d3b31f16fb23f3f778c86c1e1deabad341766361f993e026ccd15a3d70f4969af666c7bcc78993c70b76559b26aa9792f22226a30888880222200888802222008888022220088880446b0e845c526565aabec37f0b787ca6bac5e1de939a7514ab8e20fcc731e336e4b1d2ba268e25766a2e63d961932f91fcb84ae78efb45d8f2ebd3f06abbc5e4d696d56c450b951bda7cd07ac3cd78f4bc81da99da6bc9ad493f07dc4524aabb15112a2f76a28703c835ed23ff009bf81bdfe8987bfe1cba5edf097fb51b5381d33ee1e92525d8a6894d7bb4d4203e616d79eef29ed46d451db2a5e55c2e1deab8a68a59cf003e6790f1929a2755f115ec586ea9f371eb1fc2bc7ada675a274451c32ecd35ccfb4c7366f33f90ca591c6d954f328f82db57741ae152e6cd5987aedcbeeaf87ce4c444d095748c6db6ed88889d3822220088880222200888802222008888022220088880259e374550adfd252463cc8f5bfbc339791013a31bafa95846e06aa7e1607f781943f98b43feed6ff0fe932b891d23f827ea4bf26374352b08bc4d57fc4c07ee8125f05a2b0f47fa3a48a798176fef1ce5ec4ea8a471ce4fcb11113a4444440111100444401111004444029efd3bcbd446fd3bcbd44e34c3e1378ea8aaa59b25190b9b6433ed3c3ce541a36a144a8293147b6cb2a123362a0120644b0b01c4e5cc49e872cec7dfa7797a88dfa7797a89c78fa16b8d9ffdbd5f58310052624056b35c0171636e3cc7312b51d5eaed4f79bb4452c1137ccb48bb594da9abd8b64ca72e3716bc682cebddfa7797a88dfa7797a89c7f88d0189a6c55b0b5ee2a1a42d45886a8091b0a40b33647213d3eaf575d9dba5b00a96bd41b216cd51761c91eabde954b29cfd58d7f62cebedfa7797a88dfa7797a89c61bb5e43a46ed790e91a0b3b3f7e9de5ea237e9de5ea27186ed790e91bb5e43a4682cecfdfa7797a88dfa7797a89c61bb5e43a46ed790e91a0b3b3f7e9de5ea237e9de5ea27186ed790e91bb5e43a4682cecfdfa7797a88dfa7797a89c61bb5e43a46ed790e91a0b3b3f7e9de5ea237e9de5ea27186ed790e91bb5e43a4682cecfdfa7797a88dfa7797a89c61bb5e43a46ed790e91a0b3b3f7e9de5ea237e9de5ea27186ed790e93e6c2f21d234167686fd3bcbd446fd3bcbd44e30d85e43a46c2f21d23416767efd3bcbd446fd3bcbd44e2f08bc97a46c2f21d234167686fd3bcbd44f938c776bc8749f2341655a751959594d9948653c883707a8936daccf7b8a54d4036a61782a1d80699cb688b20cc15cc939e56828961c24e8e95545441446c232b53daa8768146664da6006d00d52adc585c30e1b20cbbc1eb3d4a46bbaa7d65526e4d47dde6817d6a2085a8466549e04df3b090311474c9ceb9bddd861e882e1e9bfaf533a2ef51da90b11b276aabfae3302ddb7263f4a69cdfe1e8e1b74a94e86d7d1ecc4b2077767524fb40ed271e1bb16e2448889ca404444e9c11110044440111100444401111004b8c0e2da8bedaec93b247ac2e33cd5bcd582b0f1517b8b836f10099fe5fceff45c1dbba2980bd96c8797cb95cfd5d626d9553430ccaa58a82990bf601c00ccf9c8588a3a4ad4d35b5b00d0c3808182ecadbdb163d388e5e33dd5d3c5af6c3e1532f54d3a601560490ea78dee465c3d5121e22813c75a6aed065500f8bb1f57d4f57ff1ae66e78f1b9941b586b10ca5699528e9b276b6543d234ee99dd480f508cfed906e2d68888a05c690c5b56aaf55800cd6b81c3250a38f801fedc225bc41c3ffd9),
(3, 'ajay', '', '', '0000-00-00', '', '', '', '7096021108', '', '', '', 0xffd8ffe000104a46494600010100000100010000ffdb00840009060710101011101212101310151515171116101519171715171615161a1515151818282820181b251b151521312125292b2e2e2e18203338332d37282d2e2d010a0a0a0e0d0e1b10101a35221f252f302d2f2d2d2f2d2d2d2d2d2b2d2f2d2d2d2f2d2d2d2d2d2d2d2d2d2d2d2d2d2d2d2d2d2d2d2d2f2d2d2d2d2d2d2b2d2d2dffc000110800e900d803012200021101031101ffc4001c0001000105010100000000000000000000000503040607080201ffc4004810000201020207040607030b030500000001020003110421050612133151914152617107223281a1b11423426272c1d182b2c2151633344392a2b3d2e1f02553a31824357374ffc4001a010100030101010000000000000000000000020304010506ffc400271100020202020103040301000000000000000102110312042131133241142251617181b152ffda000c03010002110311003f00de311100444401111004444011110044440111100444401111004444011110044440111100444401111004444011110044b6d238d4a14aa567bec5352cdb22e6c38d84c0b1be93b88a34001d86ab5ffc2bfac84a718f92c86294fc1b1a26a1c47a41c6b70744fc083f8af2c2aeb6631f8e22b7ecb6cfeeda54f90bf05cb892f966ed89a25b4f620f1af883e751cfe73c7f2bd5ff00bd57fbedface7d4fe897d1bffa374694c7d5a39a61aa565b6669b2dc786c9ccfba419d7ca2a766a51c423768216e3dc48335b2698add95eb0f2a8dfacf5574c5771b2f56a3af2a8c5c7b835ed2b96797c16478b15e7b369e1b5d302f91a8c87efa1f98b81d64d6131b4aa8bd3a88e3ee303f29a237d3d53c4b290caccac38153623c8888f265f284b891f866fc89aa3446be62a8d854b574fbf93fb9c71f78333fd05ac986c60b536b54b674df271e43ed0f1179a61963232e4c1387926222258522222008888022220088880222200888802222016f8fc28ad4aa516f66a2321f26520fce7393b3233d37caa5366471c994956f8833a56682f4acb41349d4345d4b32ab5755fb152d6209e172a1491cc9bf195e48ec69e3ce9b4436fe37f23571179ef7928d0d9b17fbf9f4543e323f793d2d723b6343bb121b467d0c79cb118a33efd2a73562c90155bc27adf48efa488fa489cd0eec48efa7aa7892a43292181b82a6c41e608e06467d244fa2bf9c68363696ac6bf175386c53ec33295a78819589161bcec06ff6b873e727b513582b57df61713fd6681b31c86dadc824db2b82388e2089a437d326f47bac74b0da410d7a9b295299a5b4dc012536368f62faa05fb32ec96c1cad19b2e28eada37b4444d061111100444401111004444011110044440315f48dacff00c9d832e96fa4543b1401ec247ace472519f9d876ce7562492c492c492c4e64926e493da4924ccdbd2ce96389d24e80fd5e1c0a483b36bdaa87cf6885fd8130cb48b66bc70a4532d3e8aa44cab446a96f6917ac595987d581c579330edbf2e5f0c7f4c686af853eba929d9517353e7dd3e07e32119c64e8b65092565b8af3d6fc4b3da8da93d48eecbddf08de8e72cc1bcf4046a86ccbade8e73eef25b6d8106b09cd4eec5d6dcf86a4f7a3b46e23127eaa992bdf6c907ed1c8f90b9999e83d4e4465350efaaf6023d45f77daf33d25739c61e49c632978306356fc2522b799beb76addb6ab535b30cea28e0477d7c79f3f9e1bb33b09a92b4727169f66ebf43bad271340e0ab316ad405e99639bd1bd85f994242df915edbcd8d399f53b4a9c1e3b0f88bd94385abcb76feabdfc81daf3513a625a998f2c6988889d2a1111004444011110044440129e22a844676f6554b1f202e654909aed5f77a3b18ddbb8a8a3cd94a8f9c1d4add1ce588acd55deab7b75199dbf1392c7e24c9ad52d0fbfabb6c2f4e9919779bb17f33eee721c21390ccf60136ceade8b187a08a7da02e7f11f68fe5e4263cd93589ea422acbec26102fac736f97fbcf98bc02bdf219f10781f312eaf179e7eceecb6cc1b4a6a4615c93b0d458f6d2365fee9baf4b480c47a3ea9fd9d7423b03a11f104fca6d839ca2d8643d96f297c79535f245e383f28d42da878dec6c31fdb7ff0044a94b507147daa9875fc25dbf844da7530e83ed1f9ca4698ec0c65bf57323e8c0c070de8f97fb4aec7c29a05f8b13f293780d54c1d1cc52db6e754edfc0faa3dc264ab8563e1e72bd3c228e39fca572e44df964d4211f08b0a3862d928cbe0249e1b0e10733da654196427dbccee5649b2962f0e1c7de1c3f49a9f5a344fd1eb1d916a6f72be07ed2fb8fc089b76f2035c3456ff0ec40f5d7d65f31fa8b8e92dc193591092b46a864b8b4e97d54c69af81c2d639b351a65bf16c80df1067376ccdf3e8aeb6d68aa00f153557a557b7c089e9c1f662e42fb5332d8889619044440111100444401111004c63d253db45e27c7763ad54993cc5bd268ff00a656fc54bfcd49197b593c7ef5fc9a8f54b476f714971eaa5ddbddecff00888e9366cc5f5170bb34ea55ed660a3c945fe6df0993de7939a5723d648f513cde61dacbafd470e5a95002b561704dfead08ec247b47c0751230c729ba8a392928f9333965574be195d69b57a22a310aa9b6bb4589b00071bde695d2dac58bc55f7b59ca9fb09eaa796c8e3efbcb6d06db38ac29e16af40f4aab362e17572652f3f7d237fcfb3cde2f301a0f53165d7dc08ab528d43569b2547a659d2ea4a3152414bd865da04ca019cffa411cd5aae51c06776cd48f6989edf39ab8d86392f62acb371aa37d60f194ab2edd2a89513bc8c187c2579cf581c6d4a2fbca351a9b8fb486dee3d84781ca6c7d55f480b50ad1c5eca39c96a8c918f6071f60f8f0f292cbc4947b8f68e43327e4cfa7c22f3e5e2f31971aaf587476e313553ecdf697f0b663a663dd36c7a233ff004eb72ad507ee9fce61daf784beeab0f146f9aff14ccbd132db00dffdcffba93d2e3cf6a32f257d8669111359e78888802222008888022220098cfa465be8eade74bfcd4993481d7aa7b580ae3f07f98b213f6b278bdebf9313d0347630d497eeed1fda37fce5fca74c5800380000f709eaf3c77e4f60c1b5e74de22a553a3f0a9536ca83599410486192a9ec5b716f773911a335018806bd50bf728e67dec72e83df36362c660f87fcf9c8fd218ea54136eab0504855e24b31e0a8a33663c84d30cd2515182aff00595bc71bda444e1b54b054ff00b10e79d425be072f84bfa3a1f0c8415c3d0520822d4d4588e078453c562d976c68dd25bbe669a06b73ddb307f85e5c60f1695812a5aea6ceaeac8e8ddd7460194f98f1919fa8bb959d84b1bea344dde27843909ee67a267c6391913692950e47c8c87c663128805b689636444567776eea2282cc7c878c9455f42e95b2df19a230f5bfa4a34dbc4a8bfb98662633a5750a9b0270ee51bb953d653e01b88f7de64f53158b55db6d1ba4853e629a335b99a6ac5fe12b6031d4aba6dd260cb721b882ac38ab29cd58723342797177e0aef1e4ebc90ba878fc55376c06269d4f514b52722e028206c96e046791f31ca66d2d307dbee973794e496d2baa2518eaa88fd62a1bcc3541da0061fb26e7e179907a304b60078d5a87e43f291955769594f02083ef1277d1f52d9c052e65aa1ffc8c3f29a389eea33f2fd9fd991c444f40f38444401111004444011129e218846238852474808c7f49eb195665a76b0cae45ee472e4243e2f58ea56a4f46a2290d6b15b822cc0e633bf09095ebcb47c68464dafb4c00b789e3e5307a937f27bcb8b8e31f064287213d4a344e52a5e6492ec81e31032124b56b4551435348d7d9ba065a2ce32a34d47d6baf26660413c91473bc7997da6a8362742e2a853cea0a6c0a8e2406db2a076dd72f1bcd3c4adccdcbbf4ffb223597d277d1a90ab4fe8bbc246c616a9738865dab5eaec65876b063b2d7e16bdf2177a234be1b4de14e2e926eb17446cd6426ec0589d8245b6d0e654d8660f0f584d20ba38760ca6cbf435826a1f4fc410452dda25fb19c16200e6403fe3137cd271699e7c1b524d1922764a9292f64ab3c748f68a6fc0fbe5f6f28e8da6959955f175eca9bc608a8971edd437dd525da52cd6249602c4ec8960ddb31bf4cf816ae7018902f4b76ca0f62b92091e048fdc335f112d9b31f31bd522f71be98530f8b5a4df47c5618fb75707bc0691b9b8b3fab56d91ba91f91c9359345d1a9bbd2587d9fac5515993d9ad4d85e95436e2ca4800f75c8e56d08747784df9a1e8361b42e16854b8a869a00a788b9da0a4765972f74d796b47663c37baafc91d40652acf027dbcf20f5c39c8ca981d617a14968a2a80a5aecd724ddd8e432b7196f58e520d71a1d9f67ecb106fe078f9652fc4da5689471c66ea4accf746eb1ed3857b1072da02d62798b9ca64935450af369e1d89452789504f49b304dbb4cc3cec31c6d38f56548889a0c02222008888027c22f94fb100d4fa4b0e69547a678a315e9c0fbc48bc751da008e226c3d6fd04d57ebe90bb816751c580e0473239768983b0b120e447107b3ce61945c5d1f43c7ccb2c13f9f925b0f53e32bde47d06f547fce12f29d4b8f194648fc94ae9d152f2e3058da945b6d08e4c0f061c8fe47b25ade2f2b8b71768349aa67bc5e0746567352a60eaad426ec28b808c7b7ed2fc84af5b140a2d1a54d68e1d3d9a69da7bce7b4f6f9e649ecb5bc5e5b2cf392a6551c108bb48f6a7395a52a256f99b4a8f557b09b78cad235461652639caf47140536a3569ad6c3b7b54dfb0f790f61edeccf30476dbbb03c279bcec64e0ed1564c69fdb23de1305a328b8a94f0755aa0375159c1453d87da6eb632be371b52b36db917e0a07051c87e67b7a096b78bc94f34e6a995c30c20ed23d5e2f3cde79a952de72b4acb4f15dfe131fc152b5c9e2d25ebb7aa7fe71964a2e401993c00edf29a12a545b83e5973a370e6ad44a638bb01fa9f709b5c0b65317d50d04d4bebea8b3916453c541e24f2279760f3994cd78614ad9e5f3b329ce978422225c62111100444401111004a35b0949cdda9a31e6ca09f8cad107536bc1896bae16c6955032b6c1b7866bfc5d26301ad362e9bc16fe83a0f6ad74fc4331d787be6b7bccb9a3523771e771afc172b5f9fc27adf896978bccef1a346ecba35c4f06b9f098c6b269f382af8177fea8d548c56c8bb15cb8768b02cd9667666c64d5ba55e9ad6c2e215e938ba13665607932fe92c8e0ead154b3a4e998ae2b12ca6fc54fc0ca1fca1e3323afab38a5cb615c7dd61fc5632cbf9b55eff00d5dbe16f9da3d3fd1743954aad32c30b896637e0a3b7999762b9f09234356714d96c2a0fbcc3f86e65f3eadd2a14dab62b10a94905dc8b2aa81cd9bf49df45bf82b9f255db6418c409f77e2629ab7a7ce36be39d3faa2d5030bb42cc173e3da6e02b6798da9905e572c493a251cbb2b45cb62397c6512d79e2f178514bc072b329d4ac2ed355aa45c01b02fdb7cdbe43acca28e12921bad3453cd5403f096ba0b05b8a0887dab5dff11ccf4e1ee9213742351479d926e527422224ca84444011110044440111100444401301d6dd1db9adb607d5d4b91e0df687e7ef3ca67d2d34a60171149a9376fb27bac38112138ec8b314f4959abef179ef19877a2ed4dc5994e7f911e0651da9928f42c87d71d10719847a6a2f517d7a5e2cb7f57de091ef1356eaf6b4e3f46b9385af52967eba714272bed536ba9395af6bcdd5b530ad71d4afa4b36230fb2b58e7510e4b50f794f0573db7c8f1c8def6e39ebd333e6c7b768bad1de9eb482655b0f85abe2bb54d8f9e647c249ffea09edffc7a5fff00d07fd134ce3309528b9a7551d1c7157041f8ca13498cdb5a47d3d6907ca8e1f0b4bc5b6aa30f2cc0f84c035875a71fa49c1c557a9573f5138229cedb34d6ca0e76bdaf22f0784a959c53a48eee782a024fc26c9d4ed4afa332e2311b2d5858d3419ad33de63c19c765b21c7336b425351270c6e4fa27753b441c1e1129b0b546f5eaf8335bd5f70007b8c9bbcf1b51b532befb3d04a9523dde4e6a9e8edf560e47d5d3b31f16fb23f3f778c86c1e1deabad341766361f993e026ccd15a3d70f4969af666c7bcc78993c70b76559b26aa9792f22226a30888880222200888802222008888022220088880446b0e845c526565aabec37f0b787ca6bac5e1de939a7514ab8e20fcc731e336e4b1d2ba268e25766a2e63d961932f91fcb84ae78efb45d8f2ebd3f06abbc5e4d696d56c450b951bda7cd07ac3cd78f4bc81da99da6bc9ad493f07dc4524aabb15112a2f76a28703c835ed23ff009bf81bdfe8987bfe1cba5edf097fb51b5381d33ee1e92525d8a6894d7bb4d4203e616d79eef29ed46d451db2a5e55c2e1deab8a68a59cf003e6790f1929a2755f115ec586ea9f371eb1fc2bc7ada675a274451c32ecd35ccfb4c7366f33f90ca591c6d954f328f82db57741ae152e6cd5987aedcbeeaf87ce4c444d095748c6db6ed88889d3822220088880222200888802222008888022220088880259e374550adfd252463cc8f5bfbc339791013a31bafa95846e06aa7e1607f781943f98b43feed6ff0fe932b891d23f827ea4bf26374352b08bc4d57fc4c07ee8125f05a2b0f47fa3a48a798176fef1ce5ec4ea8a471ce4fcb11113a4444440111100444401111004444029efd3bcbd446fd3bcbd44e34c3e1378ea8aaa59b25190b9b6433ed3c3ce541a36a144a8293147b6cb2a123362a0120644b0b01c4e5cc49e872cec7dfa7797a88dfa7797a89c78fa16b8d9ffdbd5f58310052624056b35c0171636e3cc7312b51d5eaed4f79bb4452c1137ccb48bb594da9abd8b64ca72e3716bc682cebddfa7797a88dfa7797a89c7f88d0189a6c55b0b5ee2a1a42d45886a8091b0a40b33647213d3eaf575d9dba5b00a96bd41b216cd51761c91eabde954b29cfd58d7f62cebedfa7797a88dfa7797a89c61bb5e43a46ed790e91a0b3b3f7e9de5ea237e9de5ea27186ed790e91bb5e43a4682cecfdfa7797a88dfa7797a89c61bb5e43a46ed790e91a0b3b3f7e9de5ea237e9de5ea27186ed790e91bb5e43a4682cecfdfa7797a88dfa7797a89c61bb5e43a46ed790e91a0b3b3f7e9de5ea237e9de5ea27186ed790e91bb5e43a4682cecfdfa7797a88dfa7797a89c61bb5e43a46ed790e91a0b3b3f7e9de5ea237e9de5ea27186ed790e93e6c2f21d234167686fd3bcbd446fd3bcbd44e30d85e43a46c2f21d23416767efd3bcbd446fd3bcbd44e2f08bc97a46c2f21d234167686fd3bcbd44f938c776bc8749f2341655a751959594d9948653c883707a8936daccf7b8a54d4036a61782a1d80699cb688b20cc15cc939e56828961c24e8e95545441446c232b53daa8768146664da6006d00d52adc585c30e1b20cbbc1eb3d4a46bbaa7d65526e4d47dde6817d6a2085a8466549e04df3b090311474c9ceb9bddd861e882e1e9bfaf533a2ef51da90b11b276aabfae3302ddb7263f4a69cdfe1e8e1b74a94e86d7d1ecc4b2077767524fb40ed271e1bb16e2448889ca404444e9c11110044440111100444401111004b8c0e2da8bedaec93b247ac2e33cd5bcd582b0f1517b8b836f10099fe5fceff45c1dbba2980bd96c8797cb95cfd5d626d9553430ccaa58a82990bf601c00ccf9c8588a3a4ad4d35b5b00d0c3808182ecadbdb163d388e5e33dd5d3c5af6c3e1532f54d3a601560490ea78dee465c3d5121e22813c75a6aed065500f8bb1f57d4f57ff1ae66e78f1b9941b586b10ca5699528e9b276b6543d234ee99dd480f508cfed906e2d68888a05c690c5b56aaf55800cd6b81c3250a38f801fedc225bc41c3ffd9),
(4, 'het ', 'het@gmail.com', 'Male', '2000-03-16', 'Single', '169', '56', '8980843818', '8980843818', 'Gujarat', 'DINDOLI', 0xffd8ffe000104a46494600010100000100010000ffdb00840009060713111015101313151515161818151616181515151815171715161618171518181e2920181a271b181521312125292b2e2e2e17203338332c37282d2e2b010a0a0a0e0d0e1a10101a32261f262d2d2d2d2d2d2d2d2d2d2d2d2f2b2b2d2b2d2d2d2b2b302b2d2d2d2d2d2d2d2d2d2d2d2b2d2d2d2d2d2d2d2d2d2d2d2d2d37ffc000110800e900d803012200021101031101ffc4001c0001000105010100000000000000000000000501030406070208ffc40048100002010203040704050a040407000000010200031104122105314151061322617181910732a1b12352627282141533424392a2b2c1d1536373f0163493c244548384a3b3e1ffc400190101000301010000000000000000000000000203040105ffc400291100020201030402020105000000000000000102110304123113214151226171a1e10523324291ffda000c03010002110311003f00ee31110044440111100444401111004444011110044440111100444401111004444011110044440111100444403cd470a0b136005c9e406f331b666d0a788a495e9366a6e332b0e20cd6fdab6d0ea765d6b1b1ab968e9bed50e56b7e1cd3957447a695f05714c8646376a2f7ca1b8b211aa5f8db4d3771907349f72d86272568fa122736a1ed6a9dbb785a97fb0f4c8fe32a67b7f6b5478616b9f16a23e4e6777c7d9ce94fd1d1a272dc47b5a6fd4c281f7aa9ff00b57fac88c5fb4dc73fb9d4d3f042c7d58ff49cea44eac137e0ed12d6271494c6677541cd9828f8cf9fb1dd27c756be7c657b1e08fd50ff00e200fc643ba663998b31face73b7ef3dcfc647aa8b169a5e59df31bd39d9f4af7c4a311c12f50ff08320b1bed5f0cbfa3a35eaf92d31fc66ff0009c8329e7f08ed771f5122f2bf058b4f1f2743c57b59c41bf5785a283817aaf50f9aaaa8f8c8ac47b48da0dfb4a69f7290ff00b8b4d4339e2a7cac7e5afc20555e7eba7ce477c89ac505e0d81fa6b8f6ff00c5d4f2083e4b294fa638f5dd8babe790fcd640b5b8dbd6782f6dcc0f7123e723b9fb25d38fa375c17b49c7d33da34aa8e4e9949fc6845bf74cddba39ed270d88229d65387a874ed10d4c9fb3534e3f580338b53aa0ee3e53dda496492212c109707d380cace35ecf7a6a70acb85aec5a8310a8c4926816360093af55723eedf96eec80cd119268c73838ba65622274808888022220088880279a8d604f204cf53136b54cb42ab72a6e7d14c039cfb50da6315b1a86217754a8848e472b823c882271b064a6136f30d9cdb3dc1642e95699047d1bdeefbf7a3024f893ce454cf376cdd862e29a321316c37ebfef9cbcb8e1c4198378902e2446393bc794afe569cfe1236532c50b248e317bfd27838f1c8fca606be3f08cd142ccd38e3c17e32db631bb8794c6cb173142cbc6bb1e265b637dfacf39c4a8302ca64e5a403c0cf52845e0e50225ca38961a5fca5b5328fce07d92d46a871f313b77b2ddb871383ea9cdea61c8a6c4ef6422f4dbbf4d2fcd4ce0142a65607d7c274af6498ceaf6814e15a9329ef34ce74f81a9eb278dd32acf1b85fa3b44444d0611111004444011110048fe907fca57ff004aa7f2192130b6d2df0d5873a6ff00ca601f2a2ee1e03e53dcc7c3d5ec8bf21f297b7778995f27a517d8a16b6f95b03ba342259604406e8bdaf8c0696c5432a6a0e5142cbb2865aeb2ddfe31d7450dc8f796dbbd25434b45ccf2628e6ef45fcc2792c2590656768e6e2e0ab1d6cb465628e6e65c5abbe54b02259106286e32a6c9d19db070988a3890b9f25c95bdae0ae5363c0ebf09acd36b899181af63aee3bbba47826ea4a99f4eec0db54b194457a26e0e841d19186f561c08ff00f44929c33d9aeda386c72213f458822938e01883d5bf8e6b2f83776bdce698cb72b30e486c950888922b1111004444012de212e8c39823d44b9100f913154f23b2f2623d0913cab5a4df4c707d563f154ad6cb5aa7a31ce3e0cb20ad287c9b5709977383bfd656fdfeb2cc5e46896e3db2f87acf04c47fbf19d38018222d1000959431004aca1958050caca4180040952381d0f104107d0ca402a1bd38cc8131a5ca4d7d271a25164becfc51163c508607ee90c3e227d4187a99915b9807d45e7c9c1f2827b8fca7d57b287d052ff4d3f9449e2f253a9f0654444b8ca22220088880222201c07db2ecfea76a1a96ecd7a6953f1a5e937c169facd11d2f3b77b71d95d661696240b9a2f958dbf52a587a66093890ee3eb289aa66dc2ee1459897596fca5920ce126a8ccd9380388ac94574cc753c946ac7d3e73a97e6ba3d52d034d4a28b0522f6eff1ef9adfb3dd9f951f1046ae722f72a9d6de2df213700664cd3f952f07a1a6c4942df9357da3ecfd5867a4cf4bb88ce9f12187acd7317d10c526e55a839a37f46b5be33b9e1aa664563c40966b6cea6dae5b1e6349d59648a5c71b7dd57e0f9f31181ab4fdfa5517c51be76b4c42e06971ea27d08fb147073e626354e8f03bfab3e280c9acfed117823e25fa382758bf587a89768d267f7159beea96f909dcd7a36a38521f807f69914f61dbf580f058ebfd05823e65fa38ee07a2989abbd0531cdcdbd146a7e136dd8dd13a340876fa5a835bb0b283f657fa9b99bea6c741bcb1f84caa38344f75478ef3f195cb24a459158a1df934ddafb1a9d7502ad3de3b2d6b30fba6736dbfb0aa611c0273231b23dad7ee61c1adebf09df7138715172b791e47ba6a7b5f662bab50aa2e0ffb0cbc8ce432383fa25284732f4ce3369e94da646d4c0b50acf45b7a9d0dbde53aab0f11f10662da6ce4c154ccdc3d3ceea9f59957f79809f57d04caaabc801e827ccbd05c2f5db4b094b7deaab1ee14c3553fc9f19f4ecb31aec51a876d0888961408888022220088880606ddd96b8bc356c33fbb551909e22e3461de0d8f94f9571b857a351e8d416a94d8a38fb4a6c6ddc778ee227d7338afb6fe8c94aabb429af62a5a9d6b7eab8f71cf730ec93cc2f3909ab4598a54ce559a5093c06bc0733c04f524ba3785eb717452d701839f04ed7cc095375dcd6936e8e9580a0b86c3a21200a6a0127417b6a4f9de416d5e97952570f87ab54fd734ea04f2b2ddbe13699e6ad50a2e4fccdfc00df30c64aedab3d69c25b6a2e8e7d5fa73b4ed6bb53005804c3b2dbcdc13f19869ed0b1e87fe68df930a7f10566fd5b6c2836ecaff00a95569dfc85cfa8133306ad585c2d261f66a2b7f3012feaa5cc4c2f4b6fb64356d8bed6ea0217134e9d417f7a9765f80f70921bc88f09d4f676396bd25aa9982b0b80c8c8c3c55802242e183d06cd92c388ca35f31c66c34ea060181b83acae528cb8543a52872ed1ea79aaf954b1be82fa024e9c80de67a96ebd608acedb94163e005cc803997497da8554634f0f8734ec6d9eba383e54f4b799f29a8d6e9c6d0aa74c4d4f0a6800f20ab3bbe1c38a62e2ee75617b00c7522fddbb77091d8cdbab44d9df0aa793620a9ff00eb9a2334b8899e506f991c9b05d23db03dd38a7e59b0ece3e29fd66c587e96639c018ad9f58dbf6b4a8d4536e21a99bdfc8f94e8184db29505ce83eb065a89fbe84dbf15a48032329a7d9c49e38ca2ed48e3bd36a295a8a6292f74391ae0a90ac740ca7504373e734a9da7a5bb373d3ad4b85446cbdc6da7a35a716537b193c32b544f511f9297b3a5fb0bd999f1b53104694691507edd56037f30a87f7a7749a0fb16d97d4ecd1548d6bb1a9f807613e02fe737e9b22a91e6cddc84444e9011110044440111100487e962a3e15e8ba07157e8829dc4be973e1a9f293120ba4a7b5871fe631f4a353fbc8cdd45b25057248e698ff65b44d2fa1ab505503de72191cf22a0764787c66add06c0b2e2ea8752ad494ab03c18b588fe1336be916d6a94b1aac8c73200ccb98e52a75285777bb617e075e1329e921c555c425ad5e9d0a9e3d9717f87c261949ec767af8f154e2cbb51c282c770049e3a0d644ec2d9b536b835bae6a186ccd4c04fd354cba1ccc7f46bdc24bcf5d025183ad530dfb3a8fd7513df6edd2f116b8eef09dd22839fc87f5279562b871e4d4ba43d0ec18c257c6d1a894c5076a5d533977a8cac149a8ccd7ce4fbaa05ad6e734dd878829554d3a8d4bb4a095d458917254e8d36df68fd0bad4f1553114e9354a3558d45a8899ca16f791c0171adf5dd633cf433a1e715d4a8c3d6a656ae7af887bad36a205c53a74db5cf7b6a3bf5e136495baa3cd84b6c6d33a2ec5ad5d5ce1ebaea05c30d51d783213c0ee2a7507bad265100d00b09938ca40300386eeeee96261cd18c66d44d98724a704e4bb8987b4466c94f83382df753b67cae00f39992c3d2cd5013a80a47ef1d7e0256b926f834bf6878faff00929a8b51a8d2675a68174a9589b92ccdbd29d83100589e76dfcb364e1e956c552a351969a54a815eab1d1413ab1be9c85cf313e80e98f473f2fc0b52420540454a64e833adfb24f004122fc2f38d6dee8cd66c595a5b3ebd0072a8a603550481666eb2d96c4eb6bfce7a3b146ab83cf8ce52bbe4dd767742f082b56a185c4ba56a1d5b0c4517d18540d65ac809466054dec05c15bc97e8d6dc6388abb3abe5388a23317a608a7513b3adbf66dda5baeee53d740fa3ff009af0952a622cb52a956651af56880e54d3de72ccc6c38b01c25de8bec76a6f5f19556d5f14f9dd7fc341ee52b8d0902d7238c8ea36ec57c8d3b9751ed7d891db347353cdf54dfcb719c15f00cf8a3874f79aa9a6b6e17722fe435f29f43d44cc0af3047ace3385434f1d89ac346476a74cf2a8e0dd877aa027f1accb87c9e864f9251fb3aee04d5c1d2a612ab3d3a2aaa6932d20bd5a00bd8c8a0ab002e3537b58efb8dc9181008dc751397742f126a61dc12c6d9c1ccc5883bf79f123ca745d8cd7c3d23fe5a7f289a3049bb4cc7aac6a0d519b1113419444440111100444401217a4c9d9a4ff0052a8bf83ab53f9b09353136ae13ada2f4c6f23b27930d54fa81232569a25174d338df49f0ff4f8c73bf361954f20ec01f500af9caec1c45fe8f8aa903ee672ca3cb3b0f49b762766ae269546dc6b520a79aba12478156d3c56685b2aa1a7895470558e7423ed01722ff87d2607de2d1eee29a746d125364e155e9be6170481de2da8208d4106c411a82048b935b08f61bef7f41288f25b9ffc0cda3d7268b5ae3eda063e64117f3991f94553ef3feea85f8ea679897bcd36aacf3560c69dd088895968889406701e8311b988f03feef28f5ebee1540ffd304fce22591c928f0cae58a12e518c30b760f51daa30d56f60aa79851a5fbcdcf2b4c98891949c9db2518a8aa484e51b6d97afaa547bb51ce83de62e0b78921517f0ceaaef94163b8024f80173399f45f0df95e255ac72dfaf7274d0b16407c5be0a64f1f6b65b0abb7e0d83a354ba938f005956a90bff004c103f8809d3f034725244faaaabe8009a9613023ae5a43f6b54d7a87ec2107e2c292f999ba4d381766cc1ab9ee908889a0c822220088880222200888806adb4a87515cfd4ac4b2f2154eaca7966d5877e69a5f48766d5af885aab8734cd3bb97bab758501b0d398ec8e3aeb3abe2f0a9550d375ccadbc7c410781075046e90fff000f37ba710e539594542391a83bb4b817efbeb334f0bdd7135e1d4a8c699a38208b8dc751e077496d82fab2f81fe93031d80186aaf8702ca9fa31fe59d500ee1aafe197f6354b55039823faff004985adb2a67b0e4b262dc8d8222274c62251d6e08e7a69358c6d1c7d263d5e5a8bc097706dc8ad8ebdf04924cda0c80d89b503e27154f875cb90ff00ede8dc7a82661d3da588652b511d4db51d821beeb7f7023606c7a819ea3685ea758d6be96555555bea7451af8cedf24fa49776cdae22270a844440237a454daa61aa514395eb29a4a7917520b792e63e523fa294da851c8f87ea40ed3bb32d9ac379e3a016e527f0db38626a35d99452d1594d88aac2e74dcd6520106e3b724286c0ed06ab50d40a6e132844b8dc580b962395edddba69861938944b5118da2bd1cc31b36218106a582022c5698be5b8e04dcb11c2e0709350226c8aa548c129393b6222274e08888022220088880222200888806bbd30d926aa0ad4c5ea52be83f6887de4f1dcc3bc5b899a6e1ead8ab8d7730efe33aa4d13a55b1ba8735e98fa2737a807ecdc9d5edf518defc89bf12464d462bf923d1d0ea76ff6e5c3e091470c011b88bcc77c59154a1439028635386626c1401aee0493e123365e3f2761bdde07ea9fed2741991334e4838b236bedfc2a1b357a77fab9c16f4df312a74a297eaab37a0f999315b0c8fa3a237de556f9891cfd18c131d70987bffa283e4276bec8a75e0c41d295ff0009bf7965fa7d26a1fac4a7deb5bd418ff84301ff0093a1ff004c4bf86e8f61299cc985a0a798a497f5b4e57dfe8eee5ebf7fc1706d547a65e815ac4025551af9881bb30d17ce66517ccaac415b806c778b8bd8f789e945b41a0eed256748896ab39d1505ddce541ccefb9fb206a7b877cad7ac114b31d077124f2000d49e407392bb136714fa6a82d5185b2dc1ead2f7c808d2f7b1623790378025b8b1ef7f4539b2ec5f666ecec18a34d698d6d7249decc4dd98f79249995113d03ce1111004444011110044440111100444401111004f3510302a40208b1077107819ea201cf76fec338539d01340f1de68fd96fb1c9b86e3c0cb580da269f64eabf11e1fda7456504104020e841e3dd34adb7d166a57a98705a9f1a5fac9df4afef0fb07cb758e3cd83fda27a7a6d5a6ba797fe9994aa861994dc48fdadb129e2356b86e6091f1520891184c5953990f711dfc981dc7ba4d6176aab68dd93f03e06654cd52c4d775dd11784e885256bb3d46ee6ab59c7a3b11362a74c280a0580dc27a113b7654278ad55514b31b01f326c001bc9274006a49947ab6608a0bb9dc8bbcf79e0a3bce925365ec8ca455ad66a835503dca57d3b37ded6d339dfad801a4b31e273fc1464cca1f92dec9d984b0ad58588fd1d3fa9f69b9b9f80f33272226f8c54552304a4e4ed8888922222220088880222200888802222008888022220088880250cac4021b6c74768e20e7d69d4ddd625813c838dce3c7770b4d531fb031344fe8fad5faf4f53f8a99ed7eee69d122553c319f268c3aac98b87d8e6941710beed2c47875352dfc42d361d9bb3315505eae5a2390b354f85d17f8a6d51211d341327935939ae123170180a7445916d7d59892598f3663a9332a2268320888802222008888022220088880222200888802260d7daf45035ea21cacaae0329285dc5319c5fb2331d49dd632ea63e9300c2ad320ab3021d482ab60cd7bee17173c2e201931231f6fe183f566b206eb3aab665d1f21a963ae9a0b5f9e9327f3951ed7d2d3ec7bfdb5ec5cd866d7b3ae9ac032a26155dad416f7ad4f452f60ea4e5009240bded6067aa5b528b140b56992e2e803addc6b7ca2faee3bb918065c4c33b4e966ca2a2b3660842b2b1526f6cc01ecee3be5e38ba613adce9937e7cc32db77bdba017a262aed1a24a8156992e2e833addc73417ed794f1f9df0f723afa3704023ac4d09240075df7047940336250998fb471a28526aac18aa02cd945c800124ea780100c989858ada2b4cae657ca72f6c0055731b0cdadf7db7032b4f68a9a8691574366605800195480c41beed46fb6f8066448a5dbf48a0750ed776a6058024a5cb1198816b026f79e936e522c806621fabb35ac075a2e8083adcf869c6d0093891b87db2952f911d881994594175cd96eb76e7cec679a7b7118290950b397012cb9ad4d82bb7bd6ca0902f7d6e2d0094898236aa75bd4d9ae58a06b764b84eb0a5efef6504eeb6866740111100444401111004a4ac40215f62312c0d4010ba5408a8d96e95d2b1be6722e72917000ed13633ce336133e629542965ae86f4f300b5cd326c330d41a635ef3a49b95804354d8efd6675aaa2d545650699363d41c3b02438b82a6e2d6b1e72cd0e8e655c99d4805329eadb3055aa954ab12e41be5b68179eb27e201138ad92cf559c540aaeacacaaad76ba14ed12f94dae0e8a0f646b2cfe6472c0b55522f499c0a4416341f326425ce41a0befbeb6b5e4e44020ea6c12f4461dea034c3065ca851ec093666ce431d77d8778379915b67547a611aa2dd0d3652295806a66fda5cda8361a022dc3ba522010d5f63bbb876aaba9a2d500a64666a0f9d7212e72026c0839bcaf3c54e8fdd6d9c03d557a57c9fe3d447cdbf865ddc6fbc49c880616d6d954b1544d0acb990e5245caeaac186a35de04a6d5c1355c3bd046099d0d3ccca5c00ca54e8196e6c79cce8804457d9b59de9135a995a60664ea5ecce0fbe3e974b0dc0e6b1d794f2363bb3d535aaabad405405a6f4dd12fa207eb08b6fbd945c9933100807e8e76728a81be95ea5aad3eb53b62d94ae617239df7f084e8e90f4dbadbe41486664bd5fa200766a66ec86e22c6f7327e20107b3b61b51ce4545cc50a2b0a594dc9b8a957b67ac7bf1ecf1e73ce3fa36b5129aab2834e9bd1bb53eb3b2f92ec066196a5d010dadae74327a201114f6311583f59745a86b04cbdaeb0d234ae5f36ab624db2efe325e220088880222201fffd9);
INSERT INTO `patient` (`p_id`, `p_name`, `p_email`, `p_gender`, `p_dob`, `p_status`, `p_height`, `p_weight`, `p_contact`, `p_econtact`, `p_state`, `p_address`, `p_pic`) VALUES
(5, 'chirag ', '', '', '0000-00-00', '', '', '', '9825686577', '', '', '', 0xffd8ffe000104a46494600010100000100010000ffdb00840009060713111015101313151515161818151616181515151815171715161618171518181e2920181a271b181521312125292b2e2e2e17203338332c37282d2e2b010a0a0a0e0d0e1a10101a32261f262d2d2d2d2d2d2d2d2d2d2d2d2f2b2b2d2b2d2d2d2b2b302b2d2d2d2d2d2d2d2d2d2d2d2b2d2d2d2d2d2d2d2d2d2d2d2d2d37ffc000110800e900d803012200021101031101ffc4001c0001000105010100000000000000000000000501030406070208ffc40048100002010203040704050a040407000000010200031104122105314151061322617181910732a1b12352627282141533424392a2b2c1d1536373f0163493c244548384a3b3e1ffc400190101000301010000000000000000000000000203040105ffc400291100020201030402020105000000000000000102110304123113214151226171a1e10523324291ffda000c03010002110311003f00ee31110044440111100444401111004444011110044440111100444401111004444011110044440111100444403cd470a0b136005c9e406f331b666d0a788a495e9366a6e332b0e20cd6fdab6d0ea765d6b1b1ab968e9bed50e56b7e1cd3957447a695f05714c8646376a2f7ca1b8b211aa5f8db4d3771907349f72d86272568fa122736a1ed6a9dbb785a97fb0f4c8fe32a67b7f6b5478616b9f16a23e4e6777c7d9ce94fd1d1a272dc47b5a6fd4c281f7aa9ff00b57fac88c5fb4dc73fb9d4d3f042c7d58ff49cea44eac137e0ed12d6271494c6677541cd9828f8cf9fb1dd27c756be7c657b1e08fd50ff00e200fc643ba663998b31face73b7ef3dcfc647aa8b169a5e59df31bd39d9f4af7c4a311c12f50ff08320b1bed5f0cbfa3a35eaf92d31fc66ff0009c8329e7f08ed771f5122f2bf058b4f1f2743c57b59c41bf5785a283817aaf50f9aaaa8f8c8ac47b48da0dfb4a69f7290ff00b8b4d4339e2a7cac7e5afc20555e7eba7ce477c89ac505e0d81fa6b8f6ff00c5d4f2083e4b294fa638f5dd8babe790fcd640b5b8dbd6782f6dcc0f7123e723b9fb25d38fa375c17b49c7d33da34aa8e4e9949fc6845bf74cddba39ed270d88229d65387a874ed10d4c9fb3534e3f580338b53aa0ee3e53dda496492212c109707d380cace35ecf7a6a70acb85aec5a8310a8c4926816360093af55723eedf96eec80cd119268c73838ba65622274808888022220088880279a8d604f204cf53136b54cb42ab72a6e7d14c039cfb50da6315b1a86217754a8848e472b823c882271b064a6136f30d9cdb3dc1642e95699047d1bdeefbf7a3024f893ce454cf376cdd862e29a321316c37ebfef9cbcb8e1c4198378902e2446393bc794afe569cfe1236532c50b248e317bfd27838f1c8fca606be3f08cd142ccd38e3c17e32db631bb8794c6cb173142cbc6bb1e265b637dfacf39c4a8302ca64e5a403c0cf52845e0e50225ca38961a5fca5b5328fce07d92d46a871f313b77b2ddb871383ea9cdea61c8a6c4ef6422f4dbbf4d2fcd4ce0142a65607d7c274af6498ceaf6814e15a9329ef34ce74f81a9eb278dd32acf1b85fa3b44444d0611111004444011110048fe907fca57ff004aa7f2192130b6d2df0d5873a6ff00ca601f2a2ee1e03e53dcc7c3d5ec8bf21f297b7778995f27a517d8a16b6f95b03ba342259604406e8bdaf8c0696c5432a6a0e5142cbb2865aeb2ddfe31d7450dc8f796dbbd25434b45ccf2628e6ef45fcc2792c2590656768e6e2e0ab1d6cb465628e6e65c5abbe54b02259106286e32a6c9d19db070988a3890b9f25c95bdae0ae5363c0ebf09acd36b899181af63aee3bbba47826ea4a99f4eec0db54b194457a26e0e841d19186f561c08ff00f44929c33d9aeda386c72213f458822938e01883d5bf8e6b2f83776bdce698cb72b30e486c950888922b1111004444012de212e8c39823d44b9100f913154f23b2f2623d0913cab5a4df4c707d563f154ad6cb5aa7a31ce3e0cb20ad287c9b5709977383bfd656fdfeb2cc5e46896e3db2f87acf04c47fbf19d38018222d1000959431004aca1958050caca4180040952381d0f104107d0ca402a1bd38cc8131a5ca4d7d271a25164becfc51163c508607ee90c3e227d4187a99915b9807d45e7c9c1f2827b8fca7d57b287d052ff4d3f9449e2f253a9f0654444b8ca22220088880222201c07db2ecfea76a1a96ecd7a6953f1a5e937c169facd11d2f3b77b71d95d661696240b9a2f958dbf52a587a66093890ee3eb289aa66dc2ee1459897596fca5920ce126a8ccd9380388ac94574cc753c946ac7d3e73a97e6ba3d52d034d4a28b0522f6eff1ef9adfb3dd9f951f1046ae722f72a9d6de2df213700664cd3f952f07a1a6c4942df9357da3ecfd5867a4cf4bb88ce9f12187acd7317d10c526e55a839a37f46b5be33b9e1aa664563c40966b6cea6dae5b1e6349d59648a5c71b7dd57e0f9f31181ab4fdfa5517c51be76b4c42e06971ea27d08fb147073e626354e8f03bfab3e280c9acfed117823e25fa382758bf587a89768d267f7159beea96f909dcd7a36a38521f807f69914f61dbf580f058ebfd05823e65fa38ee07a2989abbd0531cdcdbd146a7e136dd8dd13a340876fa5a835bb0b283f657fa9b99bea6c741bcb1f84caa38344f75478ef3f195cb24a459158a1df934ddafb1a9d7502ad3de3b2d6b30fba6736dbfb0aa611c0273231b23dad7ee61c1adebf09df7138715172b791e47ba6a7b5f662bab50aa2e0ffb0cbc8ce432383fa25284732f4ce3369e94da646d4c0b50acf45b7a9d0dbde53aab0f11f10662da6ce4c154ccdc3d3ceea9f59957f79809f57d04caaabc801e827ccbd05c2f5db4b094b7deaab1ee14c3553fc9f19f4ecb31aec51a876d0888961408888022220088880606ddd96b8bc356c33fbb551909e22e3461de0d8f94f9571b857a351e8d416a94d8a38fb4a6c6ddc778ee227d7338afb6fe8c94aabb429af62a5a9d6b7eab8f71cf730ec93cc2f3909ab4598a54ce559a5093c06bc0733c04f524ba3785eb717452d701839f04ed7cc095375dcd6936e8e9580a0b86c3a21200a6a0127417b6a4f9de416d5e97952570f87ab54fd734ea04f2b2ddbe13699e6ad50a2e4fccdfc00df30c64aedab3d69c25b6a2e8e7d5fa73b4ed6bb53005804c3b2dbcdc13f19869ed0b1e87fe68df930a7f10566fd5b6c2836ecaff00a95569dfc85cfa8133306ad585c2d261f66a2b7f3012feaa5cc4c2f4b6fb64356d8bed6ea0217134e9d417f7a9765f80f70921bc88f09d4f676396bd25aa9982b0b80c8c8c3c55802242e183d06cd92c388ca35f31c66c34ea060181b83acae528cb8543a52872ed1ea79aaf954b1be82fa024e9c80de67a96ebd608acedb94163e005cc803997497da8554634f0f8734ec6d9eba383e54f4b799f29a8d6e9c6d0aa74c4d4f0a6800f20ab3bbe1c38a62e2ee75617b00c7522fddbb77091d8cdbab44d9df0aa793620a9ff00eb9a2334b8899e506f991c9b05d23db03dd38a7e59b0ece3e29fd66c587e96639c018ad9f58dbf6b4a8d4536e21a99bdfc8f94e8184db29505ce83eb065a89fbe84dbf15a48032329a7d9c49e38ca2ed48e3bd36a295a8a6292f74391ae0a90ac740ca7504373e734a9da7a5bb373d3ad4b85446cbdc6da7a35a716537b193c32b544f511f9297b3a5fb0bd999f1b53104694691507edd56037f30a87f7a7749a0fb16d97d4ecd1548d6bb1a9f807613e02fe737e9b22a91e6cddc84444e9011110044440111100487e962a3e15e8ba07157e8829dc4be973e1a9f293120ba4a7b5871fe631f4a353fbc8cdd45b25057248e698ff65b44d2fa1ab505503de72191cf22a0764787c66add06c0b2e2ea8752ad494ab03c18b588fe1336be916d6a94b1aac8c73200ccb98e52a75285777bb617e075e1329e921c555c425ad5e9d0a9e3d9717f87c261949ec767af8f154e2cbb51c282c770049e3a0d644ec2d9b536b835bae6a186ccd4c04fd354cba1ccc7f46bdc24bcf5d025183ad530dfb3a8fd7513df6edd2f116b8eef09dd22839fc87f5279562b871e4d4ba43d0ec18c257c6d1a894c5076a5d533977a8cac149a8ccd7ce4fbaa05ad6e734dd878829554d3a8d4bb4a095d458917254e8d36df68fd0bad4f1553114e9354a3558d45a8899ca16f791c0171adf5dd633cf433a1e715d4a8c3d6a656ae7af887bad36a205c53a74db5cf7b6a3bf5e136495baa3cd84b6c6d33a2ec5ad5d5ce1ebaea05c30d51d783213c0ee2a7507bad265100d00b09938ca40300386eeeee96261cd18c66d44d98724a704e4bb8987b4466c94f83382df753b67cae00f39992c3d2cd5013a80a47ef1d7e0256b926f834bf6878faff00929a8b51a8d2675a68174a9589b92ccdbd29d83100589e76dfcb364e1e956c552a351969a54a815eab1d1413ab1be9c85cf313e80e98f473f2fc0b52420540454a64e833adfb24f004122fc2f38d6dee8cd66c595a5b3ebd0072a8a603550481666eb2d96c4eb6bfce7a3b146ab83cf8ce52bbe4dd767742f082b56a185c4ba56a1d5b0c4517d18540d65ac809466054dec05c15bc97e8d6dc6388abb3abe5388a23317a608a7513b3adbf66dda5baeee53d740fa3ff009af0952a622cb52a956651af56880e54d3de72ccc6c38b01c25de8bec76a6f5f19556d5f14f9dd7fc341ee52b8d0902d7238c8ea36ec57c8d3b9751ed7d891db347353cdf54dfcb719c15f00cf8a3874f79aa9a6b6e17722fe435f29f43d44cc0af3047ace3385434f1d89ac346476a74cf2a8e0dd877aa027f1accb87c9e864f9251fb3aee04d5c1d2a612ab3d3a2aaa6932d20bd5a00bd8c8a0ab002e3537b58efb8dc9181008dc751397742f126a61dc12c6d9c1ccc5883bf79f123ca745d8cd7c3d23fe5a7f289a3049bb4cc7aac6a0d519b1113419444440111100444401217a4c9d9a4ff0052a8bf83ab53f9b09353136ae13ada2f4c6f23b27930d54fa81232569a25174d338df49f0ff4f8c73bf361954f20ec01f500af9caec1c45fe8f8aa903ee672ca3cb3b0f49b762766ae269546dc6b520a79aba12478156d3c56685b2aa1a7895470558e7423ed01722ff87d2607de2d1eee29a746d125364e155e9be6170481de2da8208d4106c411a82048b935b08f61bef7f41288f25b9ffc0cda3d7268b5ae3eda063e64117f3991f94553ef3feea85f8ea679897bcd36aacf3560c69dd088895968889406701e8311b988f03feef28f5ebee1540ffd304fce22591c928f0cae58a12e518c30b760f51daa30d56f60aa79851a5fbcdcf2b4c98891949c9db2518a8aa484e51b6d97afaa547bb51ce83de62e0b78921517f0ceaaef94163b8024f80173399f45f0df95e255ac72dfaf7274d0b16407c5be0a64f1f6b65b0abb7e0d83a354ba938f005956a90bff004c103f8809d3f034725244faaaabe8009a9613023ae5a43f6b54d7a87ec2107e2c292f999ba4d381766cc1ab9ee908889a0c822220088880222200888806adb4a87515cfd4ac4b2f2154eaca7966d5877e69a5f48766d5af885aab8734cd3bb97bab758501b0d398ec8e3aeb3abe2f0a9550d375ccadbc7c410781075046e90fff000f37ba710e539594542391a83bb4b817efbeb334f0bdd7135e1d4a8c699a38208b8dc751e077496d82fab2f81fe93031d80186aaf8702ca9fa31fe59d500ee1aafe197f6354b55039823faff004985adb2a67b0e4b262dc8d8222274c62251d6e08e7a69358c6d1c7d263d5e5a8bc097706dc8ad8ebdf04924cda0c80d89b503e27154f875cb90ff00ede8dc7a82661d3da588652b511d4db51d821beeb7f7023606c7a819ea3685ea758d6be96555555bea7451af8cedf24fa49776cdae22270a844440237a454daa61aa514395eb29a4a7917520b792e63e523fa294da851c8f87ea40ed3bb32d9ac379e3a016e527f0db38626a35d99452d1594d88aac2e74dcd6520106e3b724286c0ed06ab50d40a6e132844b8dc580b962395edddba69861938944b5118da2bd1cc31b36218106a582022c5698be5b8e04dcb11c2e0709350226c8aa548c129393b6222274e08888022220088880222200888806bbd30d926aa0ad4c5ea52be83f6887de4f1dcc3bc5b899a6e1ead8ab8d7730efe33aa4d13a55b1ba8735e98fa2737a807ecdc9d5edf518defc89bf12464d462bf923d1d0ea76ff6e5c3e091470c011b88bcc77c59154a1439028635386626c1401aee0493e123365e3f2761bdde07ea9fed2741991334e4838b236bedfc2a1b357a77fab9c16f4df312a74a297eaab37a0f999315b0c8fa3a237de556f9891cfd18c131d70987bffa283e4276bec8a75e0c41d295ff0009bf7965fa7d26a1fac4a7deb5bd418ff84301ff0093a1ff004c4bf86e8f61299cc985a0a798a497f5b4e57dfe8eee5ebf7fc1706d547a65e815ac4025551af9881bb30d17ce66517ccaac415b806c778b8bd8f789e945b41a0eed256748896ab39d1505ddce541ccefb9fb206a7b877cad7ac114b31d077124f2000d49e407392bb136714fa6a82d5185b2dc1ead2f7c808d2f7b1623790378025b8b1ef7f4539b2ec5f666ecec18a34d698d6d7249decc4dd98f79249995113d03ce1111004444011110044440111100444401111004f3510302a40208b1077107819ea201cf76fec338539d01340f1de68fd96fb1c9b86e3c0cb580da269f64eabf11e1fda7456504104020e841e3dd34adb7d166a57a98705a9f1a5fac9df4afef0fb07cb758e3cd83fda27a7a6d5a6ba797fe9994aa861994dc48fdadb129e2356b86e6091f1520891184c5953990f711dfc981dc7ba4d6176aab68dd93f03e06654cd52c4d775dd11784e885256bb3d46ee6ab59c7a3b11362a74c280a0580dc27a113b7654278ad55514b31b01f326c001bc9274006a49947ab6608a0bb9dc8bbcf79e0a3bce925365ec8ca455ad66a835503dca57d3b37ded6d339dfad801a4b31e273fc1464cca1f92dec9d984b0ad58588fd1d3fa9f69b9b9f80f33272226f8c54552304a4e4ed8888922222220088880222200888802222008888022220088880250cac4021b6c74768e20e7d69d4ddd625813c838dce3c7770b4d531fb031344fe8fad5faf4f53f8a99ed7eee69d122553c319f268c3aac98b87d8e6941710beed2c47875352dfc42d361d9bb3315505eae5a2390b354f85d17f8a6d51211d341327935939ae123170180a7445916d7d59892598f3663a9332a2268320888802222008888022220088880222200888802260d7daf45035ea21cacaae0329285dc5319c5fb2331d49dd632ea63e9300c2ad320ab3021d482ab60cd7bee17173c2e201931231f6fe183f566b206eb3aab665d1f21a963ae9a0b5f9e9327f3951ed7d2d3ec7bfdb5ec5cd866d7b3ae9ac032a26155dad416f7ad4f452f60ea4e5009240bded6067aa5b528b140b56992e2e803addc6b7ca2faee3bb918065c4c33b4e966ca2a2b3660842b2b1526f6cc01ecee3be5e38ba613adce9937e7cc32db77bdba017a262aed1a24a8156992e2e833addc73417ed794f1f9df0f723afa3704023ac4d09240075df7047940336250998fb471a28526aac18aa02cd945c800124ea780100c989858ada2b4cae657ca72f6c0055731b0cdadf7db7032b4f68a9a8691574366605800195480c41beed46fb6f8066448a5dbf48a0750ed776a6058024a5cb1198816b026f79e936e522c806621fabb35ac075a2e8083adcf869c6d0093891b87db2952f911d881994594175cd96eb76e7cec679a7b7118290950b397012cb9ad4d82bb7bd6ca0902f7d6e2d0094898236aa75bd4d9ae58a06b764b84eb0a5efef6504eeb6866740111100444401111004a4ac40215f62312c0d4010ba5408a8d96e95d2b1be6722e72917000ed13633ce336133e629542965ae86f4f300b5cd326c330d41a635ef3a49b95804354d8efd6675aaa2d545650699363d41c3b02438b82a6e2d6b1e72cd0e8e655c99d4805329eadb3055aa954ab12e41be5b68179eb27e201138ad92cf559c540aaeacacaaad76ba14ed12f94dae0e8a0f646b2cfe6472c0b55522f499c0a4416341f326425ce41a0befbeb6b5e4e44020ea6c12f4461dea034c3065ca851ec093666ce431d77d8778379915b67547a611aa2dd0d3652295806a66fda5cda8361a022dc3ba522010d5f63bbb876aaba9a2d500a64666a0f9d7212e72026c0839bcaf3c54e8fdd6d9c03d557a57c9fe3d447cdbf865ddc6fbc49c880616d6d954b1544d0acb990e5245caeaac186a35de04a6d5c1355c3bd046099d0d3ccca5c00ca54e8196e6c79cce8804457d9b59de9135a995a60664ea5ecce0fbe3e974b0dc0e6b1d794f2363bb3d535aaabad405405a6f4dd12fa207eb08b6fbd945c9933100807e8e76728a81be95ea5aad3eb53b62d94ae617239df7f084e8e90f4dbadbe41486664bd5fa200766a66ec86e22c6f7327e20107b3b61b51ce4545cc50a2b0a594dc9b8a957b67ac7bf1ecf1e73ce3fa36b5129aab2834e9bd1bb53eb3b2f92ec066196a5d010dadae74327a201114f6311583f59745a86b04cbdaeb0d234ae5f36ab624db2efe325e220088880222201fffd9),
(6, 'ayushi', 'ayushi@gmail.com', 'Female', '1999-09-16', 'Single', '167', '53', '9737319379', '9737319379', '', 'KATARGAM', 0xffd8ffe000104a46494600010100000100010000ffdb00840009060710121015101013151615171515171816161519171819151616161616161817181c2820181a251b1615213321252a2b2e2f2e171f3338332d37282d2f2b010a0a0a0e0d0e1a10101a302520262d2b2d2d302d2f2d2d2d2f2f2d2d2d2d2d2d372d2d2d2d2f2d2d2b2d2d2d2d2d2f2d2d2d2d2d2d2d2d2d2d2d2d2d2f2d2d2dffc000110800e900d803012200021101031101ffc4001c0001000105010100000000000000000000000403050607080201ffc40046100002010203050406060803080300000001020003110412210513315191064161710722425281a11423326272920815334382b1c1d1a2b2c316345373c2d2f0f1245483ffc400190101000301010000000000000000000000000203040105ffc400271100020203000201040203010000000000000102110312210431411322325161711481a123ffda000c03010002110311003f00de31110044440111100444401111004444011110044440111100444401111004444011110044440111100444401111004444011128e2b174e92e6a8eaa39b1b74e70dd04afd15a26358ceda61d74a6af50f3b655ea75f94b5d5edc55f62920f325bf95a512f271af93447c5cafe0ce67c76001248006a49d001301ff006d713eed2e8dff0074aa3b6ac415ab451948208048b83a11ade47fcac64bfc3c9fa33956045c6a39cfb304ecc6dca746a3532cc28105973ea5186a574e20ebe66da5ccbee0bb5986704b1ddd8d866e2473b2ded270cf092eb213f1e717c565fa25b696dec2370ac9f16cbfced2e08e08ba9047306e25aa49fa654e2d7b47a8889d222222008888022220088880222200888802222009f18802e74027ca8e14166200009249b0007124cd65daced5b6209a54495a20f1e06a789e4bc875e42bc991415b2dc589e4748bdedeeda85269e16c4f03508b8fe11dfe674f3986e2718f51b3d462cc7bc9bffe84b7ef67dcf3cec9394df4f571e38e35f692b791bc917791bc95ea5964ade46f245de46f2351649356d3d0a92dd5ab774aa95348d46c4ccf2b6131f5291cd49d90fdd36bf98e07e32dfbc8de42541f7d99e6c6edc704c50d3fe228ff00328fe9d266942b2ba87460ca45c106e0cd1fbc975ecff68aae15eebeb213eb532743e239378f59af1790d72462cde2a7d87b36fc48bb376853af4c55a4d753d41ef047711254dc9d9e7b55c622220e0888802222008888022220088988fa44ed1fd1686ea99b56aa0816e2a9c19fc0f70f1d7ba71ba564a3172748b076f7b51bd7385a27ead0d9d87b6e3d9fc2a7a9f2d70adedf4122354b0b09f6954d2609dc9db3d5845416a89b9e37922ef237921a96592b791bc910d68152353964bde4f152b7748ad5b94a2f5675443912779732bd2abdd2dc8ff3e12a0a93ae27132e3bc8de4882ac6f24753b64bde46f244cf19e353b6649d96ed13612b66d4d36b0a8be1ef0fbc3e7c26e2a1595d43a105580208e041d419cf39e6c3f461da0d4e0aa1e6d4afd5d3fea1fc534609d7dacc7e4e3b5b23634444d660111100444401111004444029e22b2a233b901541662780502e49f84e7ded1edb6c5e26a621af626c80fb34c688bd353e24cd8de9836deeb0cb8543eb57376ff00948413d5b28f119a69dcf29c9de1b3c68d2d8939e7d15245cf3ee7956a6ab256f8cf9bc32367815235164b0d69f0d59173cf86a46a2c90d56d2becac1b57a994701ab1e43fb9ee91307867ad505341727a01de4f21365f67363a52400701a9278b3733e12336a2bf925057d2dbb7fb3c4d04282cca341e1ee9f3fe730a5abdc7889b95d41041e066bfed7f67c826b531af1603da1ef0f11de3ff000d78e5f0c9495f518ead59eb79ca415ab3d0a92ed4aec982b4fbbc908bc679cd4593b3cf785c7bd1aa95699b3a3061e60dec7c0f0f232db9e33ceea1bb3a636563d311429d7a7f66a2061e171a83e20dc7c24a9ae7d0d6d7cf42ae118eb4db3a7e0a97b81e4e09fe39b1a6a8bb479938eb2684444e901111004444011120eddda030f85ad883fbba4efe6554903e26c201a2bd22ed6fa4ed2acc0dd6991457ca9921bfc65e637791d6a126ec6e4f127893de4cf7794b5d3d18f15156f1794f34669ca25654bc5e513504f06a4eea72cae6a4ab82c33d6714e98bb1e8077927b84826a282331b0f2be9ceddf333ecfedfd9945420774bfda77a6c49f3ca0d878774e4ad2e2b3b169beb323eceec25a4b946a7db7ef2790e43c264aa00161c252c3b294529aa900823bc1170654981bb7d34ff0047abca589a21c5bbfb8f8cfb56a0552cc6c14124f2005c9e9318afe907672f0777fc34dbfeab4ec61297a471c947db2c1da9ece952d5a8af8ba0eee6cbe1cc4c596a4cf6b76f767bf7d553ccd3d3fc24cb0ed5d9d87c45eb601d5db8bd21a37e2543a83e16d7ba6a8392e4d154b57d8b2c578bc8e1ed3d8712dd4aecab78bca79a7cbce50b32bf471b5371b4a8926cb509a2de552d97fc612740ce533599486436604329e4c0dc1ea04ea2d978c5af429575e1529a38f2650dfd659032f90ba992a2224cce22220088880260fe98f1dbad96ea0d8d5a94e98ebbc61f969b4ce26a8f4fb89b52c252f7aa547fc8a17fd4304e1f92350669e85494734669ca35595b7a67c2f296693365ecdad886c9450b733c157f13777f39c692eb3aad91f34c9761765aa55b54ad744e207076ff00b47cff009cc8f61764e950b3d4faca9cc8f554fdd1cfc4fca5eb155e9d35cd55d5179bb051d4ccb933fc44d30c35d916bff67b09ff000291f3504f53ac8b8aec8e09ff007790f34623e57b7ca5e309b4b0f54da956a550f24a8ac7a0325e4946f35f2cbb583f844bd954777429d3049c88ab73c4e516b9b77e9255e50c3fd912a5e56c51436ad1de50a94c9233a32dc7119811717efd662385ec8e093f779cf37627e57b7ca66388fb2641c92519c92a4c6a9f5a2cc7b3d83ffebd2fc83f9c818aec6e198e6a59e8b8d43231d0f3b13a7c2d2fb8bda587a46d56b52a6793d4553d0995b0b5e9d45cd49d5d79a3061d449a9cd76d87183e52309c6ec0aced92b65de9fb1885164aa47b15947d8a9c9b81e06e6d319c5d07a4e69d452ac3883fcfc478cdc94e9dce9216d8d8f4712992aaea3830d194f81fe9c2590f22bd954f0dfa3518a93eef65d36f766ebe1496233d3eea8a387e21ec9f978cb2e69ae352568caed3a6542f3a1bd12e377bb268df8d32f4cf9239cbfe12b39d734dd3e813157c362695fecd757f854a6abfe9992a2acbd89b4622274cc222200888802695fd202a7d7e117953ac7ab531fd26ea9a3ff480ff007bc2ff00c9a9fe759d44f1fe46b6c1e1aa55714e9233b9e0aa2e7cfc078c95b4b62e2b0e0357a450136172a75b5edea93dc2675e8e70cb4b086bfb7559b5ef0884a85f2b863f19f7b6a9bec3db5245443d4e43f26943cdf7ebf07a51f1bff3ddff00640d87d831615314f7b80776971c7de7e3f016f399be130694d4253508a38002c3ff0072484027abcc33c929fb2f8c231f45bb6ee3061b0f531045f768cd6e64701e1736131dec57a366da2836a6d9aaf91c67a7483651ba3a8666f6108d405b69637990f6970271183af417ed3d360bf8ad75f9812efe92f1ce9b08d4c27aa08c358d81b532e9a15208208b29045ac48334f8d54d98bcc726d2f82c5b5b67f6730d875acdb36a7d149503148081a9f55831aa2b107b982907420906f2e386d9b4c515c4e0b10713847b652c7354a67858b9d5d6fa59bd753c4907d5d078e6af5ca9af52a542aa1573b16caa000156fc0580e136d7a002eb4b1f49efb90293d8f00ecb555faaa25ff08974b59aa33e3df1bd919553e027b94d4ca93cd3d729d4e1293ec957a66be2ab350c329b5a9dc55acc4e508a402ca093940419dc9d2ded552663fe9c36862292e0170ce5299151eea07dba7b93498120e565b9208b1d4cd1e3c536dbf832f953924a31f92aed3c2766b0b5130d8ed9ef87156f92ad6170fa8049a8955aa2eac2e5f2daf2cfdb5f46cdb390ed4d8d55f25319ea522d986e80b9656f6d00d486be97379aab1141ea39a95199dd8dd99d8b313ccb1d4ce89f45b886fd40871372a895d75efa28ce00f200151e004d8a4a5c3ce71947a5bbb3f8e188c3d3c4016de22b5b913c47c0de5c1d0196decd604e1f0742837da4a6a1bf15aedf3265caf3cc955f0f66374acb76d8c2e7a1569fbd4dc7c4a9b7ce6a4d9db13138805b0f48b806c6c546b6bdbd623b8cdd9e730dec503430e46a2f52a13fc2720f924bf0e4718bafe08cb17d49246b9c661ea52734eaa3230e2ac2c7c0f88f19b4bf47eadf5d8c4e6941ba3551fd640f48b855ab8415fdba4cb63de51c852be572a7e12b7e8fff00ef58aff934ff00ced36e39ef1b317938fe9b7137844449188444401111004d2bfa41a7d7e0db9d3ae3a3523fd66ea9a93f482c3de8e12afbb52aa7e740dfe9cea250f6587b155f3605547146753f9b38f93093368a660a3bb3027e041984f63f6d0c3d52950da9d4b5cf72b0e0c7c3b8fc394d82c01f10662cb1719b3ddf1a6a78d2fd70bf5e7cbc8f85a9741e56e92b5e640d1eaf2e186c753345f0b894cf45c1523bc06e3fdee35078785b6f17928c9c5da213c6a6a998e627d1d6173934f1c829df415299de01cac08cc7e02651b3e961f0b86fa260c365639aad57166a8da03a770b0035b682dadef295e2f27f53f4a882c2afaeca887595a51a09732bb69de3e06545dad91c99eb6852c3e2b0df44c606caa7352aa82ed4db5034ef1624697d0db4b5e78a82c679bc9466e2f84278d4b8cc730de8eb0b9c1a98e434fbc53a6778472b12729f8199ae271d4d68a6170c9928a00a07790bc3fbdcea4f1f1b6de2f24f23aa4a882c2aedf4f578bcf378bcacb8f60cc5766ad830eecc48f8924cc8714f643e56eb2d48a00e404b20598d7c968edae202e0594f176451f9b39f92993ff47c4faec6372a740756aa7fa4c1bb61b68622a84a66f4e9dec7b998f161e1dc3e3ce6c9fd1f70f6a38babef55a69f910b7fab3d0c51d61d3caf33229c9d7f46da8889330888880222200980fa6dc0ef364b3817346ad2a9d49a44f4a8667d2ddda2d9a31584af863fbda4e83c0b290a7e06c7e10753a6726cbcec7ed1d7c3809a3a0e08dddf85bbbcb512cc411a30208d083c411a107c41892715254cd519b8bb8b366f667b5b4abd5143232330245c82a48172a0f1bdae787b332cbcd1587aec8eb510d99486079106e26e4d8bb51713416b2f78f587bae3ed2f5f95a79fe4e2d7abd1b70e673b52f65c6f179e2f17998d07bbc5e5bb6dad5341cd036aaa332722cbae53e0c2ebf1968eccf698e2a9354086f4ec2aaf7a13de6dec9b1d6c38492836ad1cb57464388a8c351a891fe98feeb74309b4a99e371e63fb4f5f4da5cfe47fb4757c16a725ca2450763ab4ab7901f69531c2e7e1fde59bb4bda7385a4b50a1bd4b8a4bdee4778bfb22e35b1e33aa1293e2213e2da5c328bc5e5bb622d51410d737a8c333f205b5ca3c14597e1275e41913dde2f3c5e42db1b4930f45eb3fb2341ef31fb2a3cccea56e907c56cb2769fb594a855dc656765009b10002c2e149e20dac787b42615b63b475f100a688878aa9e3f89bbfcb412d789c435476a8e6ecc4b13e275e9294f4f1e18c52fd9e7cf3ce5cbe09d0fe85303bbd928e458d5ab56a1fcdbb53f969ace79546621545d890140e2589b003ccda759ec0d9c30d85a3865e14a9225f9955009f89b9f8cb599723e13e22244a8444401111004444039bfd2d6c1385da551945a9d7fae4d34ccc7eb57cc3dcf9389864e97f495d95fd61822896dfd339e893dec07ac84f261a781ca7ba7353a15255810c09041162181b104771041169245d0768f32fdd91dbbf45ab67fd93d838f74f7381e1dfe1e4258622515254cb23271768de4ae0804104117047020f0227dbcd71d8fed3ee6d87ae7ea89f558feecf23f73f97970d86181d44f2b26378dd33d2c7914d5a2a5e6b6ed261f13b331bfacb0072dcddc0175218fac1d7da46ef1dc6c78d88d8b794719875a8a5481f1f983e118b2692b3b9312c91d596cd8de93362e2947d3e87d1aaf7b2ab35327986a7eb0e7a8d39997cfd65d9bb66fa653b72deb5ff002db34d5fb6fb0199c9c310a49fd9b5f2dfee91723cb59635ec26d026c290239865b7f3bcdca58df4c0f1f958f8affd59b3f6cfa4bd8b8553f40a1f49abdcccac2983cc9a9eb1e7a0d79898a76730d89da78dfd658f39b5ba022ca029f5422fb28bdc399278dc9a1b1bd1f64707147330fddadf2ff113a9f2d26c5c1e1c5350a00f870d3801e0255972a4aa25f87c69def97dfc225de2f3c5e7cbcc46b3d9603526c26aded86defa555ca87ea909cbf79b817fe83c3ce4fed8f6a37b7c3e1cfd5f0771edfdd1f77c7bfcb8e2137f8f875fba462cf9afed42227aa54d9982202ccc42aa8d4966365503bc92409acca66be88360fd2b6923b0bd3c38159b967bda92f9e6bb7ff00999d19316f473d961b3b04b49ac6b39de56235f5c8d141e4a2cbe3627be65322ca24ed88889c22222200888802222009ad7d267a36fa6138bc100b88b7ae8745ad6e06fc16a5b4b9d0f7db8cd9510753a390b1b86a945cd2ac8d4dd78a382ac3e07bbc784f1429354d29ab3f82296ff2ceb7c56028d520d5a54dcafd92e8ac4795c692bd3a6aa2ca001c80b49593fa872ae1bb2db46a7d8c1624f89a0ea3ab002669d94d81b728da9be0aa351fbd528ab27e1cd505c7dde937c4484d292a64a39a51768d5d8ac33d26c9514a9e47f983c08f2946f368633074eaae4a8a1878f11e20f107ca62bb47b20c35a0d71eeb687e0dc0fc6d30e4f1e4bf1e9bf179909725c7ff000c5dd41e33c842340cd6e5792b1781ad4bf694d97c48d3f30d245ce2516d70db19738cf4880709eaf2ae170556afece9b37881a75e1320d9dd9073ad760a3dd5d4fc4f01f0bc946139fa455933421f9331fc3507a8c129a9663dc3ff00341e3319ed66c6db756f49305556977e56a6cce3c7239b2fddebca6efc0e069515cb49428efe67ccf1324cd98b02875f59e765f2dcb91f4727627b3f8ea7fb4c26257c4d0a8075cb696d7f54d9b43c8e87a19d8728e27094aa0b54a68e3932861f3135599fea1c8f85c3bd575a74919dd8d951016627c009bd3d187a38fa1db198c00e26dea268451046ba8d1aa106d71a0d40bf139deced8984c3b3361f0f46916fb469d35427cca8127ce367253b11113840444401111004444011110044440111100444401111004f1b95bdf28bf909ee2008888022220088880222200888802222008888053dfa7bcbd446fd3de5ea271a61f09bc7088a0b3680682e6da0d7bcf0f39506cda8516a0a4c51ad660848d58a017034258580e26e39893d0e59d8fbf4f797a88dfa7bcbd44e3c7d8b5c65be1ea7ac188029312029ca6e00b8b1b71e639895a8f67abb53de145452c1177acb48bb595ac8af62da329d38dc5af1a0b3af77e9ef2f511bf4f797a89c7f88d8189462ad86ab7de1a5a51620d4048c8a42d99b43a09e9fb3d5d6d9e964ba96bb8ca059aa2e46247aaf7a553d53afab1aff0022cebedfa7bcbd446fd3de5ea27186ed790e91bb5e43a4682cecfdfa7bcbd446fd3de5ea27186ed790e91bb5e43a4682cecfdfa7bcbd446fd3de5ea27186ed790e91bb5e43a4682cecfdfa7bcbd446fd3de5ea27186ed790e91bb5e43a4682cecfdfa7bcbd446fd3de5ea27186ed790e91bb5e43a4682cecfdfa7bcbd446fd3de5ea27186ed790e91bb5e43a4682cecfdfa7bcbd446fd3de5ea27186ed790e9191790e91a0b3b3f7e9ef2f511bf4f797a89c6191790e93e645e43a4682ced0dfa7bcbd446fd3de5ea2718645e43a4f991790e91a0b3b437e9ef2f511bf4f797a89c5f95790f94155e43e51a0b3b437e9ef2f513e4e3008bc87488d059569d46560ca6cca4303c981b83d44bdb7699ef714d16c6c81782d33901a674cc45906a0aea49d74b58a25870b9d1daaaaaa828faa8cacb7a873028cce999828cc0354ab716170e3865064bc1f69ea52355d53d7aa4dc9a8fbbd5027ad4410b508d4a93c09beb612c311474c9cf6cdeecc30f4c170f4dbd7a9ad077a951a90b1194e6aafeb8d40b77dc9b7ed4db9bec3d2c36e9552866dcd989281ddddd4923d6073271e1ba16e244b444e520222274e088880222200888802222008888024cd9bb41a8962aa8d980055d732f1e5e2a5d7c9cf8110e20178fd7dc7ff008d87d7bb762ddfa802d6e3afc785f4f553b44cca15a8506b2e51992f61af017d00b8b016f9cb2c451d2ed576e6670e70f40d9728057d5b660da8ef3a65bfbac44f4db7af6b50a2b63705172372619d6cda8cc2f7f68916d259e22817e5ed5560d982adcdef98920dcd52340401fb56e03b8729ea9f6b6b84c99299f5190160c4e52140b92da90146a78f5be3f11481231f8a356a35560016b68093f65428d49249b28b93c4de24788387ffd9),
(7, 'disha ', '', '', '0000-00-00', '', '', '', '8155867622', '', '', '', 0xffd8ffe000104a46494600010100000100010000ffdb00840009060710121015101013151615171515171816161519171819151616161616161817181c2820181a251b1615213321252a2b2e2f2e171f3338332d37282d2f2b010a0a0a0e0d0e1a10101a302520262d2b2d2d302d2f2d2d2d2f2f2d2d2d2d2d2d372d2d2d2d2f2d2d2b2d2d2d2d2d2f2d2d2d2d2d2d2d2d2d2d2d2d2d2f2d2d2dffc000110800e900d803012200021101031101ffc4001c0001000105010100000000000000000000000403050607080201ffc40046100002010203050406060803080300000001020003110412210513315191064161710722425281a11423326272920815334382b1c1d1a2b2c316345373c2d2f0f1245483ffc400190101000301010000000000000000000000000203040105ffc400271100020203000201040203010000000000000102110312210431411322325161711481a123ffda000c03010002110311003f00de31110044440111100444401111004444011110044440111100444401111004444011110044440111100444401111004444011128e2b174e92e6a8eaa39b1b74e70dd04afd15a26358ceda61d74a6af50f3b655ea75f94b5d5edc55f62920f325bf95a512f271af93447c5cafe0ce67c76001248006a49d001301ff006d713eed2e8dff0074aa3b6ac415ab451948208048b83a11ade47fcac64bfc3c9fa33956045c6a39cfb304ecc6dca746a3532cc28105973ea5186a574e20ebe66da5ccbee0bb5986704b1ddd8d866e2473b2ded270cf092eb213f1e717c565fa25b696dec2370ac9f16cbfced2e08e08ba9047306e25aa49fa654e2d7b47a8889d222222008888022220088880222200888802222009f18802e74027ca8e14166200009249b0007124cd65daced5b6209a54495a20f1e06a789e4bc875e42bc991415b2dc589e4748bdedeeda85269e16c4f03508b8fe11dfe674f3986e2718f51b3d462cc7bc9bffe84b7ef67dcf3cec9394df4f571e38e35f692b791bc917791bc95ea5964ade46f245de46f2351649356d3d0a92dd5ab774aa95348d46c4ccf2b6131f5291cd49d90fdd36bf98e07e32dfbc8de42541f7d99e6c6edc704c50d3fe228ff00328fe9d266942b2ba87460ca45c106e0cd1fbc975ecff68aae15eebeb213eb532743e239378f59af1790d72462cde2a7d87b36fc48bb376853af4c55a4d753d41ef047711254dc9d9e7b55c622220e0888802222008888022220088988fa44ed1fd1686ea99b56aa0816e2a9c19fc0f70f1d7ba71ba564a3172748b076f7b51bd7385a27ead0d9d87b6e3d9fc2a7a9f2d70adedf4122354b0b09f6954d2609dc9db3d5845416a89b9e37922ef237921a96592b791bc910d68152353964bde4f152b7748ad5b94a2f5675443912779732bd2abdd2dc8ff3e12a0a93ae27132e3bc8de4882ac6f24753b64bde46f244cf19e353b6649d96ed13612b66d4d36b0a8be1ef0fbc3e7c26e2a1595d43a105580208e041d419cf39e6c3f461da0d4e0aa1e6d4afd5d3fea1fc534609d7dacc7e4e3b5b23634444d660111100444401111004444029e22b2a233b901541662780502e49f84e7ded1edb6c5e26a621af626c80fb34c688bd353e24cd8de9836deeb0cb8543eb57376ff00948413d5b28f119a69dcf29c9de1b3c68d2d8939e7d15245cf3ee7956a6ab256f8cf9bc32367815235164b0d69f0d59173cf86a46a2c90d56d2becac1b57a994701ab1e43fb9ee91307867ad505341727a01de4f21365f67363a52400701a9278b3733e12336a2bf925057d2dbb7fb3c4d04282cca341e1ee9f3fe730a5abdc7889b95d41041e066bfed7f67c826b531af1603da1ef0f11de3ff000d78e5f0c9495f518ead59eb79ca415ab3d0a92ed4aec982b4fbbc908bc679cd4593b3cf785c7bd1aa95699b3a3061e60dec7c0f0f232db9e33ceea1bb3a636563d311429d7a7f66a2061e171a83e20dc7c24a9ae7d0d6d7cf42ae118eb4db3a7e0a97b81e4e09fe39b1a6a8bb479938eb2684444e901111004444011120eddda030f85ad883fbba4efe6554903e26c201a2bd22ed6fa4ed2acc0dd6991457ca9921bfc65e637791d6a126ec6e4f127893de4cf7794b5d3d18f15156f1794f34669ca25654bc5e513504f06a4eea72cae6a4ab82c33d6714e98bb1e8077927b84826a282331b0f2be9ceddf333ecfedfd9945420774bfda77a6c49f3ca0d878774e4ad2e2b3b169beb323eceec25a4b946a7db7ef2790e43c264aa00161c252c3b294529aa900823bc1170654981bb7d34ff0047abca589a21c5bbfb8f8cfb56a0552cc6c14124f2005c9e9318afe907672f0777fc34dbfeab4ec61297a471c947db2c1da9ece952d5a8af8ba0eee6cbe1cc4c596a4cf6b76f767bf7d553ccd3d3fc24cb0ed5d9d87c45eb601d5db8bd21a37e2543a83e16d7ba6a8392e4d154b57d8b2c578bc8e1ed3d8712dd4aecab78bca79a7cbce50b32bf471b5371b4a8926cb509a2de552d97fc612740ce533599486436604329e4c0dc1ea04ea2d978c5af429575e1529a38f2650dfd659032f90ba992a2224cce22220088880260fe98f1dbad96ea0d8d5a94e98ebbc61f969b4ce26a8f4fb89b52c252f7aa547fc8a17fd4304e1f92350669e85494734669ca35595b7a67c2f296693365ecdad886c9450b733c157f13777f39c692eb3aad91f34c9761765aa55b54ad744e207076ff00b47cff009cc8f61764e950b3d4faca9cc8f554fdd1cfc4fca5eb155e9d35cd55d5179bb051d4ccb933fc44d30c35d916bff67b09ff000291f3504f53ac8b8aec8e09ff007790f34623e57b7ca5e309b4b0f54da956a550f24a8ac7a0325e4946f35f2cbb583f844bd954777429d3049c88ab73c4e516b9b77e9255e50c3fd912a5e56c51436ad1de50a94c9233a32dc7119811717efd662385ec8e093f779cf37627e57b7ca66388fb2641c92519c92a4c6a9f5a2cc7b3d83ffebd2fc83f9c818aec6e198e6a59e8b8d43231d0f3b13a7c2d2fb8bda587a46d56b52a6793d4553d0995b0b5e9d45cd49d5d79a3061d449a9cd76d87183e52309c6ec0aced92b65de9fb1885164aa47b15947d8a9c9b81e06e6d319c5d07a4e69d452ac3883fcfc478cdc94e9dce9216d8d8f4712992aaea3830d194f81fe9c2590f22bd954f0dfa3518a93eef65d36f766ebe1496233d3eea8a387e21ec9f978cb2e69ae352568caed3a6542f3a1bd12e377bb268df8d32f4cf9239cbfe12b39d734dd3e813157c362695fecd757f854a6abfe9992a2acbd89b4622274cc222200888802695fd202a7d7e117953ac7ab531fd26ea9a3ff480ff007bc2ff00c9a9fe759d44f1fe46b6c1e1aa55714e9233b9e0aa2e7cfc078c95b4b62e2b0e0357a450136172a75b5edea93dc2675e8e70cb4b086bfb7559b5ef0884a85f2b863f19f7b6a9bec3db5245443d4e43f26943cdf7ebf07a51f1bff3ddff00640d87d831615314f7b80776971c7de7e3f016f399be130694d4253508a38002c3ff0072484027abcc33c929fb2f8c231f45bb6ee3061b0f531045f768cd6e64701e1736131dec57a366da2836a6d9aaf91c67a7483651ba3a8666f6108d405b69637990f6970271183af417ed3d360bf8ad75f9812efe92f1ce9b08d4c27aa08c358d81b532e9a15208208b29045ac48334f8d54d98bcc726d2f82c5b5b67f6730d875acdb36a7d149503148081a9f55831aa2b107b982907420906f2e386d9b4c515c4e0b10713847b652c7354a67858b9d5d6fa59bd753c4907d5d078e6af5ca9af52a542aa1573b16caa000156fc0580e136d7a002eb4b1f49efb90293d8f00ecb555faaa25ff08974b59aa33e3df1bd919553e027b94d4ca93cd3d729d4e1293ec957a66be2ab350c329b5a9dc55acc4e508a402ca093940419dc9d2ded552663fe9c36862292e0170ce5299151eea07dba7b93498120e565b9208b1d4cd1e3c536dbf832f953924a31f92aed3c2766b0b5130d8ed9ef87156f92ad6170fa8049a8955aa2eac2e5f2daf2cfdb5f46cdb390ed4d8d55f25319ea522d986e80b9656f6d00d486be97379aab1141ea39a95199dd8dd99d8b313ccb1d4ce89f45b886fd40871372a895d75efa28ce00f200151e004d8a4a5c3ce71947a5bbb3f8e188c3d3c4016de22b5b913c47c0de5c1d0196decd604e1f0742837da4a6a1bf15aedf3265caf3cc955f0f66374acb76d8c2e7a1569fbd4dc7c4a9b7ce6a4d9db13138805b0f48b806c6c546b6bdbd623b8cdd9e730dec503430e46a2f52a13fc2720f924bf0e4718bafe08cb17d49246b9c661ea52734eaa3230e2ac2c7c0f88f19b4bf47eadf5d8c4e6941ba3551fd640f48b855ab8415fdba4cb63de51c852be572a7e12b7e8fff00ef58aff934ff00ced36e39ef1b317938fe9b7137844449188444401111004d2bfa41a7d7e0db9d3ae3a3523fd66ea9a93f482c3de8e12afbb52aa7e740dfe9cea250f6587b155f3605547146753f9b38f93093368a660a3bb3027e041984f63f6d0c3d52950da9d4b5cf72b0e0c7c3b8fc394d82c01f10662cb1719b3ddf1a6a78d2fd70bf5e7cbc8f85a9741e56e92b5e640d1eaf2e186c753345f0b894cf45c1523bc06e3fdee35078785b6f17928c9c5da213c6a6a998e627d1d6173934f1c829df415299de01cac08cc7e02651b3e961f0b86fa260c365639aad57166a8da03a770b0035b682dadef295e2f27f53f4a882c2afaeca887595a51a09732bb69de3e06545dad91c99eb6852c3e2b0df44c606caa7352aa82ed4db5034ef1624697d0db4b5e78a82c679bc9466e2f84278d4b8cc730de8eb0b9c1a98e434fbc53a6778472b12729f8199ae271d4d68a6170c9928a00a07790bc3fbdcea4f1f1b6de2f24f23aa4a882c2aedf4f578bcf378bcacb8f60cc5766ad830eecc48f8924cc8714f643e56eb2d48a00e404b20598d7c968edae202e0594f176451f9b39f92993ff47c4faec6372a740756aa7fa4c1bb61b68622a84a66f4e9dec7b998f161e1dc3e3ce6c9fd1f70f6a38babef55a69f910b7fab3d0c51d61d3caf33229c9d7f46da8889330888880222200980fa6dc0ef364b3817346ad2a9d49a44f4a8667d2ddda2d9a31584af863fbda4e83c0b290a7e06c7e10753a6726cbcec7ed1d7c3809a3a0e08dddf85bbbcb512cc411a30208d083c411a107c41892715254cd519b8bb8b366f667b5b4abd5143232330245c82a48172a0f1bdae787b332cbcd1587aec8eb510d99486079106e26e4d8bb51713416b2f78f587bae3ed2f5f95a79fe4e2d7abd1b70e673b52f65c6f179e2f17998d07bbc5e5bb6dad5341cd036aaa332722cbae53e0c2ebf1968eccf698e2a9354086f4ec2aaf7a13de6dec9b1d6c38492836ad1cb57464388a8c351a891fe98feeb74309b4a99e371e63fb4f5f4da5cfe47fb4757c16a725ca2450763ab4ab7901f69531c2e7e1fde59bb4bda7385a4b50a1bd4b8a4bdee4778bfb22e35b1e33aa1293e2213e2da5c328bc5e5bb622d51410d737a8c333f205b5ca3c14597e1275e41913dde2f3c5e42db1b4930f45eb3fb2341ef31fb2a3cccea56e907c56cb2769fb594a855dc656765009b10002c2e149e20dac787b42615b63b475f100a688878aa9e3f89bbfcb412d789c435476a8e6ecc4b13e275e9294f4f1e18c52fd9e7cf3ce5cbe09d0fe85303bbd928e458d5ab56a1fcdbb53f969ace79546621545d890140e2589b003ccda759ec0d9c30d85a3865e14a9225f9955009f89b9f8cb599723e13e22244a8444401111004444039bfd2d6c1385da551945a9d7fae4d34ccc7eb57cc3dcf9389864e97f495d95fd61822896dfd339e893dec07ac84f261a781ca7ba7353a15255810c09041162181b104771041169245d0768f32fdd91dbbf45ab67fd93d838f74f7381e1dfe1e4258622515254cb23271768de4ae0804104117047020f0227dbcd71d8fed3ee6d87ae7ea89f558feecf23f73f97970d86181d44f2b26378dd33d2c7914d5a2a5e6b6ed261f13b331bfacb0072dcddc0175218fac1d7da46ef1dc6c78d88d8b794719875a8a5481f1f983e118b2692b3b9312c91d596cd8de93362e2947d3e87d1aaf7b2ab35327986a7eb0e7a8d39997cfd65d9bb66fa653b72deb5ff002db34d5fb6fb0199c9c310a49fd9b5f2dfee91723cb59635ec26d026c290239865b7f3bcdca58df4c0f1f958f8affd59b3f6cfa4bd8b8553f40a1f49abdcccac2983cc9a9eb1e7a0d79898a76730d89da78dfd658f39b5ba022ca029f5422fb28bdc399278dc9a1b1bd1f64707147330fddadf2ff113a9f2d26c5c1e1c5350a00f870d3801e0255972a4aa25f87c69def97dfc225de2f3c5e7cbcc46b3d9603526c26aded86defa555ca87ea909cbf79b817fe83c3ce4fed8f6a37b7c3e1cfd5f0771edfdd1f77c7bfcb8e2137f8f875fba462cf9afed42227aa54d9982202ccc42aa8d4966365503bc92409acca66be88360fd2b6923b0bd3c38159b967bda92f9e6bb7ff00999d19316f473d961b3b04b49ac6b39de56235f5c8d141e4a2cbe3627be65322ca24ed88889c22222200888802222009ad7d267a36fa6138bc100b88b7ae8745ad6e06fc16a5b4b9d0f7db8cd9510753a390b1b86a945cd2ac8d4dd78a382ac3e07bbc784f1429354d29ab3f82296ff2ceb7c56028d520d5a54dcafd92e8ac4795c692bd3a6aa2ca001c80b49593fa872ae1bb2db46a7d8c1624f89a0ea3ab002669d94d81b728da9be0aa351fbd528ab27e1cd505c7dde937c4484d292a64a39a51768d5d8ac33d26c9514a9e47f983c08f2946f368633074eaae4a8a1878f11e20f107ca62bb47b20c35a0d71eeb687e0dc0fc6d30e4f1e4bf1e9bf179909725c7ff000c5dd41e33c842340cd6e5792b1781ad4bf694d97c48d3f30d245ce2516d70db19738cf4880709eaf2ae170556afece9b37881a75e1320d9dd9073ad760a3dd5d4fc4f01f0bc946139fa455933421f9331fc3507a8c129a9663dc3ff00341e3319ed66c6db756f49305556977e56a6cce3c7239b2fddebca6efc0e069515cb49428efe67ccf1324cd98b02875f59e765f2dcb91f4727627b3f8ea7fb4c26257c4d0a8075cb696d7f54d9b43c8e87a19d8728e27094aa0b54a68e3932861f3135599fea1c8f85c3bd575a74919dd8d951016627c009bd3d187a38fa1db198c00e26dea268451046ba8d1aa106d71a0d40bf139deced8984c3b3361f0f46916fb469d35427cca8127ce367253b11113840444401111004444011110044440111100444401111004f1b95bdf28bf909ee2008888022220088880222200888802222008888053dfa7bcbd446fd3de5ea271a61f09bc7088a0b3680682e6da0d7bcf0f39506cda8516a0a4c51ad660848d58a017034258580e26e39893d0e59d8fbf4f797a88dfa7bcbd44e3c7d8b5c65be1ea7ac188029312029ca6e00b8b1b71e639895a8f67abb53de145452c1177acb48bb595ac8af62da329d38dc5af1a0b3af77e9ef2f511bf4f797a89c7f88d8189462ad86ab7de1a5a51620d4048c8a42d99b43a09e9fb3d5d6d9e964ba96bb8ca059aa2e46247aaf7a553d53afab1aff0022cebedfa7bcbd446fd3de5ea27186ed790e91bb5e43a4682cecfdfa7bcbd446fd3de5ea27186ed790e91bb5e43a4682cecfdfa7bcbd446fd3de5ea27186ed790e91bb5e43a4682cecfdfa7bcbd446fd3de5ea27186ed790e91bb5e43a4682cecfdfa7bcbd446fd3de5ea27186ed790e91bb5e43a4682cecfdfa7bcbd446fd3de5ea27186ed790e91bb5e43a4682cecfdfa7bcbd446fd3de5ea27186ed790e9191790e91a0b3b3f7e9ef2f511bf4f797a89c6191790e93e645e43a4682ced0dfa7bcbd446fd3de5ea2718645e43a4f991790e91a0b3b437e9ef2f511bf4f797a89c5f95790f94155e43e51a0b3b437e9ef2f513e4e3008bc87488d059569d46560ca6cca4303c981b83d44bdb7699ef714d16c6c81782d33901a674cc45906a0aea49d74b58a25870b9d1daaaaaa828faa8cacb7a873028cce999828cc0354ab716170e3865064bc1f69ea52355d53d7aa4dc9a8fbbd5027ad4410b508d4a93c09beb612c311474c9cf6cdeecc30f4c170f4dbd7a9ad077a951a90b1194e6aafeb8d40b77dc9b7ed4db9bec3d2c36e9552866dcd989281ddddd4923d6073271e1ba16e244b444e520222274e088880222200888802222008888024cd9bb41a8962aa8d980055d732f1e5e2a5d7c9cf8110e20178fd7dc7ff008d87d7bb762ddfa802d6e3afc785f4f553b44cca15a8506b2e51992f61af017d00b8b016f9cb2c451d2ed576e6670e70f40d9728057d5b660da8ef3a65bfbac44f4db7af6b50a2b63705172372619d6cda8cc2f7f68916d259e22817e5ed5560d982adcdef98920dcd52340401fb56e03b8729ea9f6b6b84c99299f5190160c4e52140b92da90146a78f5be3f11481231f8a356a35560016b68093f65428d49249b28b93c4de24788387ffd9),
(8, 'mayank ', '', '', '0000-00-00', '', '', '', '8780739950', '', '', '', 0xffd8ffe000104a46494600010100000100010000ffdb00840009060713111015101313151515161818151616181515151815171715161618171518181e2920181a271b181521312125292b2e2e2e17203338332c37282d2e2b010a0a0a0e0d0e1a10101a32261f262d2d2d2d2d2d2d2d2d2d2d2d2f2b2b2d2b2d2d2d2b2b302b2d2d2d2d2d2d2d2d2d2d2d2b2d2d2d2d2d2d2d2d2d2d2d2d2d37ffc000110800e900d803012200021101031101ffc4001c0001000105010100000000000000000000000501030406070208ffc40048100002010203040704050a040407000000010200031104122105314151061322617181910732a1b12352627282141533424392a2b2c1d1536373f0163493c244548384a3b3e1ffc400190101000301010000000000000000000000000203040105ffc400291100020201030402020105000000000000000102110304123113214151226171a1e10523324291ffda000c03010002110311003f00ee31110044440111100444401111004444011110044440111100444401111004444011110044440111100444403cd470a0b136005c9e406f331b666d0a788a495e9366a6e332b0e20cd6fdab6d0ea765d6b1b1ab968e9bed50e56b7e1cd3957447a695f05714c8646376a2f7ca1b8b211aa5f8db4d3771907349f72d86272568fa122736a1ed6a9dbb785a97fb0f4c8fe32a67b7f6b5478616b9f16a23e4e6777c7d9ce94fd1d1a272dc47b5a6fd4c281f7aa9ff00b57fac88c5fb4dc73fb9d4d3f042c7d58ff49cea44eac137e0ed12d6271494c6677541cd9828f8cf9fb1dd27c756be7c657b1e08fd50ff00e200fc643ba663998b31face73b7ef3dcfc647aa8b169a5e59df31bd39d9f4af7c4a311c12f50ff08320b1bed5f0cbfa3a35eaf92d31fc66ff0009c8329e7f08ed771f5122f2bf058b4f1f2743c57b59c41bf5785a283817aaf50f9aaaa8f8c8ac47b48da0dfb4a69f7290ff00b8b4d4339e2a7cac7e5afc20555e7eba7ce477c89ac505e0d81fa6b8f6ff00c5d4f2083e4b294fa638f5dd8babe790fcd640b5b8dbd6782f6dcc0f7123e723b9fb25d38fa375c17b49c7d33da34aa8e4e9949fc6845bf74cddba39ed270d88229d65387a874ed10d4c9fb3534e3f580338b53aa0ee3e53dda496492212c109707d380cace35ecf7a6a70acb85aec5a8310a8c4926816360093af55723eedf96eec80cd119268c73838ba65622274808888022220088880279a8d604f204cf53136b54cb42ab72a6e7d14c039cfb50da6315b1a86217754a8848e472b823c882271b064a6136f30d9cdb3dc1642e95699047d1bdeefbf7a3024f893ce454cf376cdd862e29a321316c37ebfef9cbcb8e1c4198378902e2446393bc794afe569cfe1236532c50b248e317bfd27838f1c8fca606be3f08cd142ccd38e3c17e32db631bb8794c6cb173142cbc6bb1e265b637dfacf39c4a8302ca64e5a403c0cf52845e0e50225ca38961a5fca5b5328fce07d92d46a871f313b77b2ddb871383ea9cdea61c8a6c4ef6422f4dbbf4d2fcd4ce0142a65607d7c274af6498ceaf6814e15a9329ef34ce74f81a9eb278dd32acf1b85fa3b44444d0611111004444011110048fe907fca57ff004aa7f2192130b6d2df0d5873a6ff00ca601f2a2ee1e03e53dcc7c3d5ec8bf21f297b7778995f27a517d8a16b6f95b03ba342259604406e8bdaf8c0696c5432a6a0e5142cbb2865aeb2ddfe31d7450dc8f796dbbd25434b45ccf2628e6ef45fcc2792c2590656768e6e2e0ab1d6cb465628e6e65c5abbe54b02259106286e32a6c9d19db070988a3890b9f25c95bdae0ae5363c0ebf09acd36b899181af63aee3bbba47826ea4a99f4eec0db54b194457a26e0e841d19186f561c08ff00f44929c33d9aeda386c72213f458822938e01883d5bf8e6b2f83776bdce698cb72b30e486c950888922b1111004444012de212e8c39823d44b9100f913154f23b2f2623d0913cab5a4df4c707d563f154ad6cb5aa7a31ce3e0cb20ad287c9b5709977383bfd656fdfeb2cc5e46896e3db2f87acf04c47fbf19d38018222d1000959431004aca1958050caca4180040952381d0f104107d0ca402a1bd38cc8131a5ca4d7d271a25164becfc51163c508607ee90c3e227d4187a99915b9807d45e7c9c1f2827b8fca7d57b287d052ff4d3f9449e2f253a9f0654444b8ca22220088880222201c07db2ecfea76a1a96ecd7a6953f1a5e937c169facd11d2f3b77b71d95d661696240b9a2f958dbf52a587a66093890ee3eb289aa66dc2ee1459897596fca5920ce126a8ccd9380388ac94574cc753c946ac7d3e73a97e6ba3d52d034d4a28b0522f6eff1ef9adfb3dd9f951f1046ae722f72a9d6de2df213700664cd3f952f07a1a6c4942df9357da3ecfd5867a4cf4bb88ce9f12187acd7317d10c526e55a839a37f46b5be33b9e1aa664563c40966b6cea6dae5b1e6349d59648a5c71b7dd57e0f9f31181ab4fdfa5517c51be76b4c42e06971ea27d08fb147073e626354e8f03bfab3e280c9acfed117823e25fa382758bf587a89768d267f7159beea96f909dcd7a36a38521f807f69914f61dbf580f058ebfd05823e65fa38ee07a2989abbd0531cdcdbd146a7e136dd8dd13a340876fa5a835bb0b283f657fa9b99bea6c741bcb1f84caa38344f75478ef3f195cb24a459158a1df934ddafb1a9d7502ad3de3b2d6b30fba6736dbfb0aa611c0273231b23dad7ee61c1adebf09df7138715172b791e47ba6a7b5f662bab50aa2e0ffb0cbc8ce432383fa25284732f4ce3369e94da646d4c0b50acf45b7a9d0dbde53aab0f11f10662da6ce4c154ccdc3d3ceea9f59957f79809f57d04caaabc801e827ccbd05c2f5db4b094b7deaab1ee14c3553fc9f19f4ecb31aec51a876d0888961408888022220088880606ddd96b8bc356c33fbb551909e22e3461de0d8f94f9571b857a351e8d416a94d8a38fb4a6c6ddc778ee227d7338afb6fe8c94aabb429af62a5a9d6b7eab8f71cf730ec93cc2f3909ab4598a54ce559a5093c06bc0733c04f524ba3785eb717452d701839f04ed7cc095375dcd6936e8e9580a0b86c3a21200a6a0127417b6a4f9de416d5e97952570f87ab54fd734ea04f2b2ddbe13699e6ad50a2e4fccdfc00df30c64aedab3d69c25b6a2e8e7d5fa73b4ed6bb53005804c3b2dbcdc13f19869ed0b1e87fe68df930a7f10566fd5b6c2836ecaff00a95569dfc85cfa8133306ad585c2d261f66a2b7f3012feaa5cc4c2f4b6fb64356d8bed6ea0217134e9d417f7a9765f80f70921bc88f09d4f676396bd25aa9982b0b80c8c8c3c55802242e183d06cd92c388ca35f31c66c34ea060181b83acae528cb8543a52872ed1ea79aaf954b1be82fa024e9c80de67a96ebd608acedb94163e005cc803997497da8554634f0f8734ec6d9eba383e54f4b799f29a8d6e9c6d0aa74c4d4f0a6800f20ab3bbe1c38a62e2ee75617b00c7522fddbb77091d8cdbab44d9df0aa793620a9ff00eb9a2334b8899e506f991c9b05d23db03dd38a7e59b0ece3e29fd66c587e96639c018ad9f58dbf6b4a8d4536e21a99bdfc8f94e8184db29505ce83eb065a89fbe84dbf15a48032329a7d9c49e38ca2ed48e3bd36a295a8a6292f74391ae0a90ac740ca7504373e734a9da7a5bb373d3ad4b85446cbdc6da7a35a716537b193c32b544f511f9297b3a5fb0bd999f1b53104694691507edd56037f30a87f7a7749a0fb16d97d4ecd1548d6bb1a9f807613e02fe737e9b22a91e6cddc84444e9011110044440111100487e962a3e15e8ba07157e8829dc4be973e1a9f293120ba4a7b5871fe631f4a353fbc8cdd45b25057248e698ff65b44d2fa1ab505503de72191cf22a0764787c66add06c0b2e2ea8752ad494ab03c18b588fe1336be916d6a94b1aac8c73200ccb98e52a75285777bb617e075e1329e921c555c425ad5e9d0a9e3d9717f87c261949ec767af8f154e2cbb51c282c770049e3a0d644ec2d9b536b835bae6a186ccd4c04fd354cba1ccc7f46bdc24bcf5d025183ad530dfb3a8fd7513df6edd2f116b8eef09dd22839fc87f5279562b871e4d4ba43d0ec18c257c6d1a894c5076a5d533977a8cac149a8ccd7ce4fbaa05ad6e734dd878829554d3a8d4bb4a095d458917254e8d36df68fd0bad4f1553114e9354a3558d45a8899ca16f791c0171adf5dd633cf433a1e715d4a8c3d6a656ae7af887bad36a205c53a74db5cf7b6a3bf5e136495baa3cd84b6c6d33a2ec5ad5d5ce1ebaea05c30d51d783213c0ee2a7507bad265100d00b09938ca40300386eeeee96261cd18c66d44d98724a704e4bb8987b4466c94f83382df753b67cae00f39992c3d2cd5013a80a47ef1d7e0256b926f834bf6878faff00929a8b51a8d2675a68174a9589b92ccdbd29d83100589e76dfcb364e1e956c552a351969a54a815eab1d1413ab1be9c85cf313e80e98f473f2fc0b52420540454a64e833adfb24f004122fc2f38d6dee8cd66c595a5b3ebd0072a8a603550481666eb2d96c4eb6bfce7a3b146ab83cf8ce52bbe4dd767742f082b56a185c4ba56a1d5b0c4517d18540d65ac809466054dec05c15bc97e8d6dc6388abb3abe5388a23317a608a7513b3adbf66dda5baeee53d740fa3ff009af0952a622cb52a956651af56880e54d3de72ccc6c38b01c25de8bec76a6f5f19556d5f14f9dd7fc341ee52b8d0902d7238c8ea36ec57c8d3b9751ed7d891db347353cdf54dfcb719c15f00cf8a3874f79aa9a6b6e17722fe435f29f43d44cc0af3047ace3385434f1d89ac346476a74cf2a8e0dd877aa027f1accb87c9e864f9251fb3aee04d5c1d2a612ab3d3a2aaa6932d20bd5a00bd8c8a0ab002e3537b58efb8dc9181008dc751397742f126a61dc12c6d9c1ccc5883bf79f123ca745d8cd7c3d23fe5a7f289a3049bb4cc7aac6a0d519b1113419444440111100444401217a4c9d9a4ff0052a8bf83ab53f9b09353136ae13ada2f4c6f23b27930d54fa81232569a25174d338df49f0ff4f8c73bf361954f20ec01f500af9caec1c45fe8f8aa903ee672ca3cb3b0f49b762766ae269546dc6b520a79aba12478156d3c56685b2aa1a7895470558e7423ed01722ff87d2607de2d1eee29a746d125364e155e9be6170481de2da8208d4106c411a82048b935b08f61bef7f41288f25b9ffc0cda3d7268b5ae3eda063e64117f3991f94553ef3feea85f8ea679897bcd36aacf3560c69dd088895968889406701e8311b988f03feef28f5ebee1540ffd304fce22591c928f0cae58a12e518c30b760f51daa30d56f60aa79851a5fbcdcf2b4c98891949c9db2518a8aa484e51b6d97afaa547bb51ce83de62e0b78921517f0ceaaef94163b8024f80173399f45f0df95e255ac72dfaf7274d0b16407c5be0a64f1f6b65b0abb7e0d83a354ba938f005956a90bff004c103f8809d3f034725244faaaabe8009a9613023ae5a43f6b54d7a87ec2107e2c292f999ba4d381766cc1ab9ee908889a0c822220088880222200888806adb4a87515cfd4ac4b2f2154eaca7966d5877e69a5f48766d5af885aab8734cd3bb97bab758501b0d398ec8e3aeb3abe2f0a9550d375ccadbc7c410781075046e90fff000f37ba710e539594542391a83bb4b817efbeb334f0bdd7135e1d4a8c699a38208b8dc751e077496d82fab2f81fe93031d80186aaf8702ca9fa31fe59d500ee1aafe197f6354b55039823faff004985adb2a67b0e4b262dc8d8222274c62251d6e08e7a69358c6d1c7d263d5e5a8bc097706dc8ad8ebdf04924cda0c80d89b503e27154f875cb90ff00ede8dc7a82661d3da588652b511d4db51d821beeb7f7023606c7a819ea3685ea758d6be96555555bea7451af8cedf24fa49776cdae22270a844440237a454daa61aa514395eb29a4a7917520b792e63e523fa294da851c8f87ea40ed3bb32d9ac379e3a016e527f0db38626a35d99452d1594d88aac2e74dcd6520106e3b724286c0ed06ab50d40a6e132844b8dc580b962395edddba69861938944b5118da2bd1cc31b36218106a582022c5698be5b8e04dcb11c2e0709350226c8aa548c129393b6222274e08888022220088880222200888806bbd30d926aa0ad4c5ea52be83f6887de4f1dcc3bc5b899a6e1ead8ab8d7730efe33aa4d13a55b1ba8735e98fa2737a807ecdc9d5edf518defc89bf12464d462bf923d1d0ea76ff6e5c3e091470c011b88bcc77c59154a1439028635386626c1401aee0493e123365e3f2761bdde07ea9fed2741991334e4838b236bedfc2a1b357a77fab9c16f4df312a74a297eaab37a0f999315b0c8fa3a237de556f9891cfd18c131d70987bffa283e4276bec8a75e0c41d295ff0009bf7965fa7d26a1fac4a7deb5bd418ff84301ff0093a1ff004c4bf86e8f61299cc985a0a798a497f5b4e57dfe8eee5ebf7fc1706d547a65e815ac4025551af9881bb30d17ce66517ccaac415b806c778b8bd8f789e945b41a0eed256748896ab39d1505ddce541ccefb9fb206a7b877cad7ac114b31d077124f2000d49e407392bb136714fa6a82d5185b2dc1ead2f7c808d2f7b1623790378025b8b1ef7f4539b2ec5f666ecec18a34d698d6d7249decc4dd98f79249995113d03ce1111004444011110044440111100444401111004f3510302a40208b1077107819ea201cf76fec338539d01340f1de68fd96fb1c9b86e3c0cb580da269f64eabf11e1fda7456504104020e841e3dd34adb7d166a57a98705a9f1a5fac9df4afef0fb07cb758e3cd83fda27a7a6d5a6ba797fe9994aa861994dc48fdadb129e2356b86e6091f1520891184c5953990f711dfc981dc7ba4d6176aab68dd93f03e06654cd52c4d775dd11784e885256bb3d46ee6ab59c7a3b11362a74c280a0580dc27a113b7654278ad55514b31b01f326c001bc9274006a49947ab6608a0bb9dc8bbcf79e0a3bce925365ec8ca455ad66a835503dca57d3b37ded6d339dfad801a4b31e273fc1464cca1f92dec9d984b0ad58588fd1d3fa9f69b9b9f80f33272226f8c54552304a4e4ed8888922222220088880222200888802222008888022220088880250cac4021b6c74768e20e7d69d4ddd625813c838dce3c7770b4d531fb031344fe8fad5faf4f53f8a99ed7eee69d122553c319f268c3aac98b87d8e6941710beed2c47875352dfc42d361d9bb3315505eae5a2390b354f85d17f8a6d51211d341327935939ae123170180a7445916d7d59892598f3663a9332a2268320888802222008888022220088880222200888802260d7daf45035ea21cacaae0329285dc5319c5fb2331d49dd632ea63e9300c2ad320ab3021d482ab60cd7bee17173c2e201931231f6fe183f566b206eb3aab665d1f21a963ae9a0b5f9e9327f3951ed7d2d3ec7bfdb5ec5cd866d7b3ae9ac032a26155dad416f7ad4f452f60ea4e5009240bded6067aa5b528b140b56992e2e803addc6b7ca2faee3bb918065c4c33b4e966ca2a2b3660842b2b1526f6cc01ecee3be5e38ba613adce9937e7cc32db77bdba017a262aed1a24a8156992e2e833addc73417ed794f1f9df0f723afa3704023ac4d09240075df7047940336250998fb471a28526aac18aa02cd945c800124ea780100c989858ada2b4cae657ca72f6c0055731b0cdadf7db7032b4f68a9a8691574366605800195480c41beed46fb6f8066448a5dbf48a0750ed776a6058024a5cb1198816b026f79e936e522c806621fabb35ac075a2e8083adcf869c6d0093891b87db2952f911d881994594175cd96eb76e7cec679a7b7118290950b397012cb9ad4d82bb7bd6ca0902f7d6e2d0094898236aa75bd4d9ae58a06b764b84eb0a5efef6504eeb6866740111100444401111004a4ac40215f62312c0d4010ba5408a8d96e95d2b1be6722e72917000ed13633ce336133e629542965ae86f4f300b5cd326c330d41a635ef3a49b95804354d8efd6675aaa2d545650699363d41c3b02438b82a6e2d6b1e72cd0e8e655c99d4805329eadb3055aa954ab12e41be5b68179eb27e201138ad92cf559c540aaeacacaaad76ba14ed12f94dae0e8a0f646b2cfe6472c0b55522f499c0a4416341f326425ce41a0befbeb6b5e4e44020ea6c12f4461dea034c3065ca851ec093666ce431d77d8778379915b67547a611aa2dd0d3652295806a66fda5cda8361a022dc3ba522010d5f63bbb876aaba9a2d500a64666a0f9d7212e72026c0839bcaf3c54e8fdd6d9c03d557a57c9fe3d447cdbf865ddc6fbc49c880616d6d954b1544d0acb990e5245caeaac186a35de04a6d5c1355c3bd046099d0d3ccca5c00ca54e8196e6c79cce8804457d9b59de9135a995a60664ea5ecce0fbe3e974b0dc0e6b1d794f2363bb3d535aaabad405405a6f4dd12fa207eb08b6fbd945c9933100807e8e76728a81be95ea5aad3eb53b62d94ae617239df7f084e8e90f4dbadbe41486664bd5fa200766a66ec86e22c6f7327e20107b3b61b51ce4545cc50a2b0a594dc9b8a957b67ac7bf1ecf1e73ce3fa36b5129aab2834e9bd1bb53eb3b2f92ec066196a5d010dadae74327a201114f6311583f59745a86b04cbdaeb0d234ae5f36ab624db2efe325e220088880222201fffd9);
INSERT INTO `patient` (`p_id`, `p_name`, `p_email`, `p_gender`, `p_dob`, `p_status`, `p_height`, `p_weight`, `p_contact`, `p_econtact`, `p_state`, `p_address`, `p_pic`) VALUES
(9, 'hetvi ', '', '', '0000-00-00', '', '', '', '8980843818', '', '', '', 0xffd8ffe000104a46494600010100000100010000ffdb00840009060710121015101013151615171515171816161519171819151616161616161817181c2820181a251b1615213321252a2b2e2f2e171f3338332d37282d2f2b010a0a0a0e0d0e1a10101a302520262d2b2d2d302d2f2d2d2d2f2f2d2d2d2d2d2d372d2d2d2d2f2d2d2b2d2d2d2d2d2f2d2d2d2d2d2d2d2d2d2d2d2d2d2f2d2d2dffc000110800e900d803012200021101031101ffc4001c0001000105010100000000000000000000000403050607080201ffc40046100002010203050406060803080300000001020003110412210513315191064161710722425281a11423326272920815334382b1c1d1a2b2c316345373c2d2f0f1245483ffc400190101000301010000000000000000000000000203040105ffc400271100020203000201040203010000000000000102110312210431411322325161711481a123ffda000c03010002110311003f00de31110044440111100444401111004444011110044440111100444401111004444011110044440111100444401111004444011128e2b174e92e6a8eaa39b1b74e70dd04afd15a26358ceda61d74a6af50f3b655ea75f94b5d5edc55f62920f325bf95a512f271af93447c5cafe0ce67c76001248006a49d001301ff006d713eed2e8dff0074aa3b6ac415ab451948208048b83a11ade47fcac64bfc3c9fa33956045c6a39cfb304ecc6dca746a3532cc28105973ea5186a574e20ebe66da5ccbee0bb5986704b1ddd8d866e2473b2ded270cf092eb213f1e717c565fa25b696dec2370ac9f16cbfced2e08e08ba9047306e25aa49fa654e2d7b47a8889d222222008888022220088880222200888802222009f18802e74027ca8e14166200009249b0007124cd65daced5b6209a54495a20f1e06a789e4bc875e42bc991415b2dc589e4748bdedeeda85269e16c4f03508b8fe11dfe674f3986e2718f51b3d462cc7bc9bffe84b7ef67dcf3cec9394df4f571e38e35f692b791bc917791bc95ea5964ade46f245de46f2351649356d3d0a92dd5ab774aa95348d46c4ccf2b6131f5291cd49d90fdd36bf98e07e32dfbc8de42541f7d99e6c6edc704c50d3fe228ff00328fe9d266942b2ba87460ca45c106e0cd1fbc975ecff68aae15eebeb213eb532743e239378f59af1790d72462cde2a7d87b36fc48bb376853af4c55a4d753d41ef047711254dc9d9e7b55c622220e0888802222008888022220088988fa44ed1fd1686ea99b56aa0816e2a9c19fc0f70f1d7ba71ba564a3172748b076f7b51bd7385a27ead0d9d87b6e3d9fc2a7a9f2d70adedf4122354b0b09f6954d2609dc9db3d5845416a89b9e37922ef237921a96592b791bc910d68152353964bde4f152b7748ad5b94a2f5675443912779732bd2abdd2dc8ff3e12a0a93ae27132e3bc8de4882ac6f24753b64bde46f244cf19e353b6649d96ed13612b66d4d36b0a8be1ef0fbc3e7c26e2a1595d43a105580208e041d419cf39e6c3f461da0d4e0aa1e6d4afd5d3fea1fc534609d7dacc7e4e3b5b23634444d660111100444401111004444029e22b2a233b901541662780502e49f84e7ded1edb6c5e26a621af626c80fb34c688bd353e24cd8de9836deeb0cb8543eb57376ff00948413d5b28f119a69dcf29c9de1b3c68d2d8939e7d15245cf3ee7956a6ab256f8cf9bc32367815235164b0d69f0d59173cf86a46a2c90d56d2becac1b57a994701ab1e43fb9ee91307867ad505341727a01de4f21365f67363a52400701a9278b3733e12336a2bf925057d2dbb7fb3c4d04282cca341e1ee9f3fe730a5abdc7889b95d41041e066bfed7f67c826b531af1603da1ef0f11de3ff000d78e5f0c9495f518ead59eb79ca415ab3d0a92ed4aec982b4fbbc908bc679cd4593b3cf785c7bd1aa95699b3a3061e60dec7c0f0f232db9e33ceea1bb3a636563d311429d7a7f66a2061e171a83e20dc7c24a9ae7d0d6d7cf42ae118eb4db3a7e0a97b81e4e09fe39b1a6a8bb479938eb2684444e901111004444011120eddda030f85ad883fbba4efe6554903e26c201a2bd22ed6fa4ed2acc0dd6991457ca9921bfc65e637791d6a126ec6e4f127893de4cf7794b5d3d18f15156f1794f34669ca25654bc5e513504f06a4eea72cae6a4ab82c33d6714e98bb1e8077927b84826a282331b0f2be9ceddf333ecfedfd9945420774bfda77a6c49f3ca0d878774e4ad2e2b3b169beb323eceec25a4b946a7db7ef2790e43c264aa00161c252c3b294529aa900823bc1170654981bb7d34ff0047abca589a21c5bbfb8f8cfb56a0552cc6c14124f2005c9e9318afe907672f0777fc34dbfeab4ec61297a471c947db2c1da9ece952d5a8af8ba0eee6cbe1cc4c596a4cf6b76f767bf7d553ccd3d3fc24cb0ed5d9d87c45eb601d5db8bd21a37e2543a83e16d7ba6a8392e4d154b57d8b2c578bc8e1ed3d8712dd4aecab78bca79a7cbce50b32bf471b5371b4a8926cb509a2de552d97fc612740ce533599486436604329e4c0dc1ea04ea2d978c5af429575e1529a38f2650dfd659032f90ba992a2224cce22220088880260fe98f1dbad96ea0d8d5a94e98ebbc61f969b4ce26a8f4fb89b52c252f7aa547fc8a17fd4304e1f92350669e85494734669ca35595b7a67c2f296693365ecdad886c9450b733c157f13777f39c692eb3aad91f34c9761765aa55b54ad744e207076ff00b47cff009cc8f61764e950b3d4faca9cc8f554fdd1cfc4fca5eb155e9d35cd55d5179bb051d4ccb933fc44d30c35d916bff67b09ff000291f3504f53ac8b8aec8e09ff007790f34623e57b7ca5e309b4b0f54da956a550f24a8ac7a0325e4946f35f2cbb583f844bd954777429d3049c88ab73c4e516b9b77e9255e50c3fd912a5e56c51436ad1de50a94c9233a32dc7119811717efd662385ec8e093f779cf37627e57b7ca66388fb2641c92519c92a4c6a9f5a2cc7b3d83ffebd2fc83f9c818aec6e198e6a59e8b8d43231d0f3b13a7c2d2fb8bda587a46d56b52a6793d4553d0995b0b5e9d45cd49d5d79a3061d449a9cd76d87183e52309c6ec0aced92b65de9fb1885164aa47b15947d8a9c9b81e06e6d319c5d07a4e69d452ac3883fcfc478cdc94e9dce9216d8d8f4712992aaea3830d194f81fe9c2590f22bd954f0dfa3518a93eef65d36f766ebe1496233d3eea8a387e21ec9f978cb2e69ae352568caed3a6542f3a1bd12e377bb268df8d32f4cf9239cbfe12b39d734dd3e813157c362695fecd757f854a6abfe9992a2acbd89b4622274cc222200888802695fd202a7d7e117953ac7ab531fd26ea9a3ff480ff007bc2ff00c9a9fe759d44f1fe46b6c1e1aa55714e9233b9e0aa2e7cfc078c95b4b62e2b0e0357a450136172a75b5edea93dc2675e8e70cb4b086bfb7559b5ef0884a85f2b863f19f7b6a9bec3db5245443d4e43f26943cdf7ebf07a51f1bff3ddff00640d87d831615314f7b80776971c7de7e3f016f399be130694d4253508a38002c3ff0072484027abcc33c929fb2f8c231f45bb6ee3061b0f531045f768cd6e64701e1736131dec57a366da2836a6d9aaf91c67a7483651ba3a8666f6108d405b69637990f6970271183af417ed3d360bf8ad75f9812efe92f1ce9b08d4c27aa08c358d81b532e9a15208208b29045ac48334f8d54d98bcc726d2f82c5b5b67f6730d875acdb36a7d149503148081a9f55831aa2b107b982907420906f2e386d9b4c515c4e0b10713847b652c7354a67858b9d5d6fa59bd753c4907d5d078e6af5ca9af52a542aa1573b16caa000156fc0580e136d7a002eb4b1f49efb90293d8f00ecb555faaa25ff08974b59aa33e3df1bd919553e027b94d4ca93cd3d729d4e1293ec957a66be2ab350c329b5a9dc55acc4e508a402ca093940419dc9d2ded552663fe9c36862292e0170ce5299151eea07dba7b93498120e565b9208b1d4cd1e3c536dbf832f953924a31f92aed3c2766b0b5130d8ed9ef87156f92ad6170fa8049a8955aa2eac2e5f2daf2cfdb5f46cdb390ed4d8d55f25319ea522d986e80b9656f6d00d486be97379aab1141ea39a95199dd8dd99d8b313ccb1d4ce89f45b886fd40871372a895d75efa28ce00f200151e004d8a4a5c3ce71947a5bbb3f8e188c3d3c4016de22b5b913c47c0de5c1d0196decd604e1f0742837da4a6a1bf15aedf3265caf3cc955f0f66374acb76d8c2e7a1569fbd4dc7c4a9b7ce6a4d9db13138805b0f48b806c6c546b6bdbd623b8cdd9e730dec503430e46a2f52a13fc2720f924bf0e4718bafe08cb17d49246b9c661ea52734eaa3230e2ac2c7c0f88f19b4bf47eadf5d8c4e6941ba3551fd640f48b855ab8415fdba4cb63de51c852be572a7e12b7e8fff00ef58aff934ff00ced36e39ef1b317938fe9b7137844449188444401111004d2bfa41a7d7e0db9d3ae3a3523fd66ea9a93f482c3de8e12afbb52aa7e740dfe9cea250f6587b155f3605547146753f9b38f93093368a660a3bb3027e041984f63f6d0c3d52950da9d4b5cf72b0e0c7c3b8fc394d82c01f10662cb1719b3ddf1a6a78d2fd70bf5e7cbc8f85a9741e56e92b5e640d1eaf2e186c753345f0b894cf45c1523bc06e3fdee35078785b6f17928c9c5da213c6a6a998e627d1d6173934f1c829df415299de01cac08cc7e02651b3e961f0b86fa260c365639aad57166a8da03a770b0035b682dadef295e2f27f53f4a882c2afaeca887595a51a09732bb69de3e06545dad91c99eb6852c3e2b0df44c606caa7352aa82ed4db5034ef1624697d0db4b5e78a82c679bc9466e2f84278d4b8cc730de8eb0b9c1a98e434fbc53a6778472b12729f8199ae271d4d68a6170c9928a00a07790bc3fbdcea4f1f1b6de2f24f23aa4a882c2aedf4f578bcf378bcacb8f60cc5766ad830eecc48f8924cc8714f643e56eb2d48a00e404b20598d7c968edae202e0594f176451f9b39f92993ff47c4faec6372a740756aa7fa4c1bb61b68622a84a66f4e9dec7b998f161e1dc3e3ce6c9fd1f70f6a38babef55a69f910b7fab3d0c51d61d3caf33229c9d7f46da8889330888880222200980fa6dc0ef364b3817346ad2a9d49a44f4a8667d2ddda2d9a31584af863fbda4e83c0b290a7e06c7e10753a6726cbcec7ed1d7c3809a3a0e08dddf85bbbcb512cc411a30208d083c411a107c41892715254cd519b8bb8b366f667b5b4abd5143232330245c82a48172a0f1bdae787b332cbcd1587aec8eb510d99486079106e26e4d8bb51713416b2f78f587bae3ed2f5f95a79fe4e2d7abd1b70e673b52f65c6f179e2f17998d07bbc5e5bb6dad5341cd036aaa332722cbae53e0c2ebf1968eccf698e2a9354086f4ec2aaf7a13de6dec9b1d6c38492836ad1cb57464388a8c351a891fe98feeb74309b4a99e371e63fb4f5f4da5cfe47fb4757c16a725ca2450763ab4ab7901f69531c2e7e1fde59bb4bda7385a4b50a1bd4b8a4bdee4778bfb22e35b1e33aa1293e2213e2da5c328bc5e5bb622d51410d737a8c333f205b5ca3c14597e1275e41913dde2f3c5e42db1b4930f45eb3fb2341ef31fb2a3cccea56e907c56cb2769fb594a855dc656765009b10002c2e149e20dac787b42615b63b475f100a688878aa9e3f89bbfcb412d789c435476a8e6ecc4b13e275e9294f4f1e18c52fd9e7cf3ce5cbe09d0fe85303bbd928e458d5ab56a1fcdbb53f969ace79546621545d890140e2589b003ccda759ec0d9c30d85a3865e14a9225f9955009f89b9f8cb599723e13e22244a8444401111004444039bfd2d6c1385da551945a9d7fae4d34ccc7eb57cc3dcf9389864e97f495d95fd61822896dfd339e893dec07ac84f261a781ca7ba7353a15255810c09041162181b104771041169245d0768f32fdd91dbbf45ab67fd93d838f74f7381e1dfe1e4258622515254cb23271768de4ae0804104117047020f0227dbcd71d8fed3ee6d87ae7ea89f558feecf23f73f97970d86181d44f2b26378dd33d2c7914d5a2a5e6b6ed261f13b331bfacb0072dcddc0175218fac1d7da46ef1dc6c78d88d8b794719875a8a5481f1f983e118b2692b3b9312c91d596cd8de93362e2947d3e87d1aaf7b2ab35327986a7eb0e7a8d39997cfd65d9bb66fa653b72deb5ff002db34d5fb6fb0199c9c310a49fd9b5f2dfee91723cb59635ec26d026c290239865b7f3bcdca58df4c0f1f958f8affd59b3f6cfa4bd8b8553f40a1f49abdcccac2983cc9a9eb1e7a0d79898a76730d89da78dfd658f39b5ba022ca029f5422fb28bdc399278dc9a1b1bd1f64707147330fddadf2ff113a9f2d26c5c1e1c5350a00f870d3801e0255972a4aa25f87c69def97dfc225de2f3c5e7cbcc46b3d9603526c26aded86defa555ca87ea909cbf79b817fe83c3ce4fed8f6a37b7c3e1cfd5f0771edfdd1f77c7bfcb8e2137f8f875fba462cf9afed42227aa54d9982202ccc42aa8d4966365503bc92409acca66be88360fd2b6923b0bd3c38159b967bda92f9e6bb7ff00999d19316f473d961b3b04b49ac6b39de56235f5c8d141e4a2cbe3627be65322ca24ed88889c22222200888802222009ad7d267a36fa6138bc100b88b7ae8745ad6e06fc16a5b4b9d0f7db8cd9510753a390b1b86a945cd2ac8d4dd78a382ac3e07bbc784f1429354d29ab3f82296ff2ceb7c56028d520d5a54dcafd92e8ac4795c692bd3a6aa2ca001c80b49593fa872ae1bb2db46a7d8c1624f89a0ea3ab002669d94d81b728da9be0aa351fbd528ab27e1cd505c7dde937c4484d292a64a39a51768d5d8ac33d26c9514a9e47f983c08f2946f368633074eaae4a8a1878f11e20f107ca62bb47b20c35a0d71eeb687e0dc0fc6d30e4f1e4bf1e9bf179909725c7ff000c5dd41e33c842340cd6e5792b1781ad4bf694d97c48d3f30d245ce2516d70db19738cf4880709eaf2ae170556afece9b37881a75e1320d9dd9073ad760a3dd5d4fc4f01f0bc946139fa455933421f9331fc3507a8c129a9663dc3ff00341e3319ed66c6db756f49305556977e56a6cce3c7239b2fddebca6efc0e069515cb49428efe67ccf1324cd98b02875f59e765f2dcb91f4727627b3f8ea7fb4c26257c4d0a8075cb696d7f54d9b43c8e87a19d8728e27094aa0b54a68e3932861f3135599fea1c8f85c3bd575a74919dd8d951016627c009bd3d187a38fa1db198c00e26dea268451046ba8d1aa106d71a0d40bf139deced8984c3b3361f0f46916fb469d35427cca8127ce367253b11113840444401111004444011110044440111100444401111004f1b95bdf28bf909ee2008888022220088880222200888802222008888053dfa7bcbd446fd3de5ea271a61f09bc7088a0b3680682e6da0d7bcf0f39506cda8516a0a4c51ad660848d58a017034258580e26e39893d0e59d8fbf4f797a88dfa7bcbd44e3c7d8b5c65be1ea7ac188029312029ca6e00b8b1b71e639895a8f67abb53de145452c1177acb48bb595ac8af62da329d38dc5af1a0b3af77e9ef2f511bf4f797a89c7f88d8189462ad86ab7de1a5a51620d4048c8a42d99b43a09e9fb3d5d6d9e964ba96bb8ca059aa2e46247aaf7a553d53afab1aff0022cebedfa7bcbd446fd3de5ea27186ed790e91bb5e43a4682cecfdfa7bcbd446fd3de5ea27186ed790e91bb5e43a4682cecfdfa7bcbd446fd3de5ea27186ed790e91bb5e43a4682cecfdfa7bcbd446fd3de5ea27186ed790e91bb5e43a4682cecfdfa7bcbd446fd3de5ea27186ed790e91bb5e43a4682cecfdfa7bcbd446fd3de5ea27186ed790e91bb5e43a4682cecfdfa7bcbd446fd3de5ea27186ed790e9191790e91a0b3b3f7e9ef2f511bf4f797a89c6191790e93e645e43a4682ced0dfa7bcbd446fd3de5ea2718645e43a4f991790e91a0b3b437e9ef2f511bf4f797a89c5f95790f94155e43e51a0b3b437e9ef2f513e4e3008bc87488d059569d46560ca6cca4303c981b83d44bdb7699ef714d16c6c81782d33901a674cc45906a0aea49d74b58a25870b9d1daaaaaa828faa8cacb7a873028cce999828cc0354ab716170e3865064bc1f69ea52355d53d7aa4dc9a8fbbd5027ad4410b508d4a93c09beb612c311474c9cf6cdeecc30f4c170f4dbd7a9ad077a951a90b1194e6aafeb8d40b77dc9b7ed4db9bec3d2c36e9552866dcd989281ddddd4923d6073271e1ba16e244b444e520222274e088880222200888802222008888024cd9bb41a8962aa8d980055d732f1e5e2a5d7c9cf8110e20178fd7dc7ff008d87d7bb762ddfa802d6e3afc785f4f553b44cca15a8506b2e51992f61af017d00b8b016f9cb2c451d2ed576e6670e70f40d9728057d5b660da8ef3a65bfbac44f4db7af6b50a2b63705172372619d6cda8cc2f7f68916d259e22817e5ed5560d982adcdef98920dcd52340401fb56e03b8729ea9f6b6b84c99299f5190160c4e52140b92da90146a78f5be3f11481231f8a356a35560016b68093f65428d49249b28b93c4de24788387ffd9),
(15, 'Mr. Mehta', '', '', '0000-00-00', '', '', '', '9712830481', '', '', 'BANDRA KURLA COMPLEX', ''),
(16, 'Mr. Chirag', '', '', '0000-00-00', '', '', '', '9723592915', '', '', 'BANDRA KURLA COMPLEX', ''),
(17, 'Mr. Ajay', '', '', '0000-00-00', '', '', '', '8160252531', '', '', 'DR WORLD', ''),
(18, 'Mr. Kishan', '', '', '0000-00-00', '', '', '', '9723592915', '', '', 'BANDRA KURLA COMPLEX', ''),
(19, 'Mr. Shah', '', '', '0000-00-00', '', '', '', '8160252531', '', '', 'BANDRA KURLA COMPLEX', ''),
(20, 'Kishan Italiya', '', '', '0000-00-00', '', '', '', '9723592915', '', '', 'BANDRA KURLA COMPLEX', ''),
(22, 'Mr. Trushar', '', '', '0000-00-00', '', '', '', '9723592915', '', '', 'BANDRA KURLA COMPLEX', ''),
(24, 'Mr. Hartik', '', '', '0000-00-00', '', '', '', '8160252531', '', '', 'BANDRA KURLA COMPLEX', ''),
(26, 'Ajay Vaghela', '', '', '0000-00-00', '', '', '', '8160252531', '', '', 'DR WORLD', ''),
(27, 'Aaaa', '', '', '0000-00-00', '', '', '', '9723592915', '', '', 'BANDRA KURLA COMPLEX', ''),
(28, 'XYZ', '', '', '0000-00-00', '', '', '', '8966781256', '', '', 'BANDRA KURLA COMPLEX', ''),
(29, 'BHARAT ', '', '', '0000-00-00', '', '', '', '6948984165', '', '', 'BANDRA KURLA COMPLEX', ''),
(30, 'Maganbhai', '', '', '0000-00-00', '', '', '', '8918191954', '', '', 'BARDOLI', ''),
(32, 'Mr. ABC', 'abc@gmail.com', 'Male', '1999-10-02', 'Single', '168', '54', '9723592915', '9723592915', '', 'NANA VARACHAA', ''),
(33, 'Mr. X', 'x@gmail.com', 'Male', '2000-10-02', 'Single', '172', '58', '8745655897', '8745655897', 'Gujarat', 'JAKATNAKA', '');

-- --------------------------------------------------------

--
-- Table structure for table `patient_data`
--

CREATE TABLE IF NOT EXISTS `patient_data` (
  `p_id` int(11) NOT NULL AUTO_INCREMENT,
  `p_name` varchar(50) NOT NULL,
  `p_email` varchar(40) NOT NULL,
  `p_gender` varchar(20) NOT NULL,
  `p_dob` date NOT NULL,
  `p_status` varchar(20) NOT NULL,
  `p_height` varchar(10) NOT NULL,
  `p_weight` varchar(5) NOT NULL,
  `p_mobile` varchar(10) NOT NULL,
  `p_emobile` varchar(10) NOT NULL,
  `p_address` varchar(300) NOT NULL,
  PRIMARY KEY (`p_id`)
) ENGINE=InnoDB  DEFAULT CHARSET=latin1 AUTO_INCREMENT=9 ;

--
-- Dumping data for table `patient_data`
--

INSERT INTO `patient_data` (`p_id`, `p_name`, `p_email`, `p_gender`, `p_dob`, `p_status`, `p_height`, `p_weight`, `p_mobile`, `p_emobile`, `p_address`) VALUES
(1, 'Mr. ABC', 'abc@gmail.com', 'Male', '1999-10-02', 'Married', '169', '54', '9723592910', '9723592915', 'NANA VARACHHA,SURAT'),
(3, 'Mr. Raj', 'raj@gmail.com', 'Male', '2001-06-07', 'Single', '168', '58', '9798789451', '9798789451', 'KATARGAM,SURAT'),
(4, 'Mr. XYX', 'xyx@gmail.com', 'Male', '2001-08-07', 'Single', '158', '60', '8745651252', '8745651252', 'KATARGAM'),
(5, 'Mr. PQR', 'pqr@gmail.com', 'Male', '1995-10-10', 'Married', '171', '64', '8789125645', '8789125645', 'MOTA VARACHHA'),
(6, '', 'kishan@gmail.com', '', '0000-00-00', '', '', '', '9723592915', '', 'NANA VARACHHA'),
(7, '', 'kishan@gmail.com', '', '0000-00-00', '', '', '', '9723592915', '', 'BANDRA KURLA COMPLEX'),
(8, 'Mr. Kishan', 'kishan@gmail.com', '', '0000-00-00', '', '', '', '9723592915', '', 'BANDRA KURLA COMPLEX');

-- --------------------------------------------------------

--
-- Table structure for table `patient_test`
--

CREATE TABLE IF NOT EXISTS `patient_test` (
  `t_id` int(11) NOT NULL AUTO_INCREMENT,
  `p_id` int(11) NOT NULL,
  `t_name` varchar(60) NOT NULL,
  `t_cost` int(11) NOT NULL,
  `t_c_date` date NOT NULL,
  `t_d_date` date NOT NULL,
  `t_description` text NOT NULL,
  PRIMARY KEY (`t_id`),
  KEY `p_id` (`p_id`)
) ENGINE=InnoDB  DEFAULT CHARSET=latin1 AUTO_INCREMENT=4 ;

--
-- Dumping data for table `patient_test`
--

INSERT INTO `patient_test` (`t_id`, `p_id`, `t_name`, `t_cost`, `t_c_date`, `t_d_date`, `t_description`) VALUES
(1, 18, 'Blood Chemistry Test', 300, '2020-03-17', '2020-03-24', ''),
(3, 17, 'Urinalysis', 500, '2020-03-31', '2020-04-01', '');

-- --------------------------------------------------------

--
-- Table structure for table `prescription`
--

CREATE TABLE IF NOT EXISTS `prescription` (
  `pre_id` int(11) NOT NULL AUTO_INCREMENT,
  `a_id` int(11) NOT NULL,
  `p_id` int(11) NOT NULL,
  `pre_date` date NOT NULL,
  `prescription` text NOT NULL,
  PRIMARY KEY (`pre_id`),
  UNIQUE KEY `a_id_2` (`a_id`),
  KEY `a_id` (`a_id`,`p_id`),
  KEY `p_id` (`p_id`)
) ENGINE=InnoDB  DEFAULT CHARSET=latin1 AUTO_INCREMENT=12 ;

--
-- Dumping data for table `prescription`
--

INSERT INTO `prescription` (`pre_id`, `a_id`, `p_id`, `pre_date`, `prescription`) VALUES
(4, 2, 18, '2020-04-21', 'Hiii'),
(5, 8, 20, '2020-04-01', 'Hiiiii......'),
(6, 1, 18, '2020-03-17', 'Liiiiii'),
(7, 13, 26, '2020-04-20', 'zzzzzzz'),
(8, 4, 17, '2020-04-21', 'AAAA'),
(9, 10, 22, '2020-04-20', 'Hiiiiii'),
(10, 19, 3, '2020-04-20', 'Hiiiiiiiii'),
(11, 20, 18, '2020-04-30', 'Hiiiii........');

-- --------------------------------------------------------

--
-- Table structure for table `schedule`
--

CREATE TABLE IF NOT EXISTS `schedule` (
  `sdl_id` int(11) NOT NULL AUTO_INCREMENT,
  `d_id` int(11) NOT NULL,
  `sdl_day` varchar(30) NOT NULL,
  `sdl_timeslot` varchar(30) NOT NULL,
  `sdl_description` varchar(300) NOT NULL,
  PRIMARY KEY (`sdl_id`),
  KEY `d_id` (`d_id`)
) ENGINE=InnoDB  DEFAULT CHARSET=latin1 AUTO_INCREMENT=13 ;

--
-- Dumping data for table `schedule`
--

INSERT INTO `schedule` (`sdl_id`, `d_id`, `sdl_day`, `sdl_timeslot`, `sdl_description`) VALUES
(1, 2, 'Saturday', '06:00-08:00 PM', ''),
(3, 2, 'Wednesday', '02:00-04:00 PM', ''),
(4, 2, 'Friday', '08:00-10:00 PM', ''),
(5, 5, 'Monday', '02:00-04:00 PM', ''),
(6, 5, 'Friday', '04:00-06:00 PM', ''),
(7, 2, 'Monday', '10:00-12:00 AM', ''),
(9, 2, 'Tuesday', '02:00-04:00 PM', ''),
(11, 1, 'Thursday', '06:00-08:00 PM', ''),
(12, 1, 'Tuesday', '02:00-04:00 PM', '');

-- --------------------------------------------------------

--
-- Table structure for table `test`
--

CREATE TABLE IF NOT EXISTS `test` (
  `t_id` int(11) NOT NULL AUTO_INCREMENT,
  `p_id` int(11) NOT NULL,
  `t_name` varchar(50) NOT NULL,
  `t_date` date NOT NULL,
  `delivery_date` date NOT NULL,
  `t_cost` int(11) NOT NULL,
  `t_description` varchar(300) NOT NULL,
  PRIMARY KEY (`t_id`),
  KEY `p_id` (`p_id`)
) ENGINE=InnoDB  DEFAULT CHARSET=latin1 AUTO_INCREMENT=9 ;

--
-- Dumping data for table `test`
--

INSERT INTO `test` (`t_id`, `p_id`, `t_name`, `t_date`, `delivery_date`, `t_cost`, `t_description`) VALUES
(1, 1, 'Complete Blood Count (CBC)', '2020-03-02', '2020-03-04', 800, 'CBC is the most common blood test performed. It measures the types and numbers of cells in the blood, including red and white blood cells and platelets.'),
(2, 1, 'Prothrombin Time', '2019-04-03', '2019-04-06', 1200, ' PT test measures how long it takes blood to clot. This coagulation test measures the presence and activity of five different blood clotting factors. '),
(3, 2, 'Complete Blood Count (CBC)', '2020-03-12', '2020-03-13', 800, 'CBC is the most common blood test performed. It measures the types and numbers of cells in the blood, including red and white blood cells and platelets.'),
(4, 2, 'Basic Metabolic Panel', '2019-05-03', '2019-05-05', 1000, 'This test measures glucose, sodium, potassium, calcium, chloride, carbon dioxide, blood urea nitrogen and creatinine which can help determine blood sugar level, electrolyte and fluid balance as well as kidney function.'),
(5, 17, 'Complete Blood Count (CBC)', '2020-03-08', '2020-03-10', 750, 'cccc'),
(6, 18, 'Prothrombin Time', '2020-03-03', '2020-03-04', 900, 'pppp'),
(7, 18, 'Complete Blood Count (CBC)', '2020-02-05', '2020-02-09', 750, 'cccc'),
(8, 17, 'Basic Metabolic Panel', '2020-01-24', '2020-01-26', 870, 'bbbb');

-- --------------------------------------------------------

--
-- Table structure for table `timeslot`
--

CREATE TABLE IF NOT EXISTS `timeslot` (
  `time_id` int(11) NOT NULL AUTO_INCREMENT,
  `Monday` varchar(20) NOT NULL,
  `Tuesday` varchar(20) NOT NULL,
  `Wednesday` varchar(20) NOT NULL,
  `Thursday` varchar(20) NOT NULL,
  `Friday` varchar(20) NOT NULL,
  `Saturday` varchar(20) NOT NULL,
  `Sunday` varchar(20) NOT NULL,
  PRIMARY KEY (`time_id`)
) ENGINE=InnoDB  DEFAULT CHARSET=utf8mb4 AUTO_INCREMENT=3 ;

--
-- Dumping data for table `timeslot`
--

INSERT INTO `timeslot` (`time_id`, `Monday`, `Tuesday`, `Wednesday`, `Thursday`, `Friday`, `Saturday`, `Sunday`) VALUES
(1, '10:00-12:00', '03:00-05:00', '06:00-07:30', '10:00-11:30', '04:00-05:30', '11:00-01:00', '05:30-07:00'),
(2, '03:30-05:00', '10:00-11:30', '06:00-07:30', '11:00-01:00', '04:00-05:30', '03:00-06:00', '05:30-07:00');

-- --------------------------------------------------------

--
-- Table structure for table `user`
--

CREATE TABLE IF NOT EXISTS `user` (
  `u_id` int(11) NOT NULL AUTO_INCREMENT,
  `u_name` varchar(20) NOT NULL,
  `u_pwd` varchar(15) NOT NULL,
  `u_type` varchar(15) NOT NULL,
  PRIMARY KEY (`u_id`),
  UNIQUE KEY `u_name` (`u_name`)
) ENGINE=InnoDB  DEFAULT CHARSET=latin1 AUTO_INCREMENT=3 ;

--
-- Dumping data for table `user`
--

INSERT INTO `user` (`u_id`, `u_name`, `u_pwd`, `u_type`) VALUES
(1, 'kishan', '97235', 'patient'),
(2, 'jenish', '96243', 'patient');

-- --------------------------------------------------------

--
-- Table structure for table `users`
--

CREATE TABLE IF NOT EXISTS `users` (
  `u_id` int(11) NOT NULL AUTO_INCREMENT,
  `u_type` varchar(30) NOT NULL,
  `u_name` varchar(50) NOT NULL,
  `u_username` varchar(16) NOT NULL,
  `u_password` varchar(16) NOT NULL,
  `u_mobile` varchar(10) NOT NULL,
  `u_email` varchar(50) NOT NULL,
  `u_dob` date NOT NULL,
  `u_address` text NOT NULL,
  `u_state` varchar(30) NOT NULL,
  PRIMARY KEY (`u_id`)
) ENGINE=InnoDB  DEFAULT CHARSET=latin1 AUTO_INCREMENT=29 ;

--
-- Dumping data for table `users`
--

INSERT INTO `users` (`u_id`, `u_type`, `u_name`, `u_username`, `u_password`, `u_mobile`, `u_email`, `u_dob`, `u_address`, `u_state`) VALUES
(1, 'Doctor', 'Dr. Jenish', 'Jenish12', '123456', '9624340947', 'jenish.tarsariya3300@gmail.com', '2000-03-03', 'KATARGAM', 'Gujarat'),
(2, 'Patient', 'Mr. Kishan', 'kishan0210', '123456789', '9723592915', 'kishanpitaliya@gmail.com', '1999-10-02', 'BANDRA KURLA COMPLEX', 'Gujarat'),
(3, 'Admin', 'admin', 'admin', 'admin', '9723592915', 'kishanpitaliya@gmail.com', '1999-10-02', 'NANA VARACHHA,SURAT', 'Gujarat'),
(4, 'Doctor', 'Dr. Disha', 'disha', '123456789', '8141651654', 'xyz@gmail.com', '1999-08-03', '', 'Gujarat'),
(5, 'Patient', 'Mr. Ajay', 'Ajay', 'ajay', '97874511', 'dvsvsd@gmail.com', '2000-04-06', 'DR WORLD', 'Goa'),
(6, 'Patient', 'Mr. PQR', 'Mr. PQR', '123456', '8789125645', 'pqr@gmail.com', '1995-10-10', 'MOTA VARACHHA', 'Gujarat'),
(7, 'Patient', 'Mr. ABC', 'Mr. ABCD', '1234567', '9723592915', 'abc@gmail.com', '1999-10-02', 'NANA VARACHAA', 'Gujarat'),
(8, 'Patient', 'kishan', 'kishan', '123456', '9723592915', '', '0000-00-00', '', ''),
(9, 'Patient', 'ajay', 'ajayv', 'ajayv0604', '7096021108', '', '0000-00-00', '', ''),
(10, 'Patient', 'Mr. X', 'XY', 'XYZ@@', '8745655897', 'x@gmail.com', '2000-10-02', 'JAKATNAKA', 'Gujarat'),
(12, 'Patient', 'jenish', 'jenish', 'jenu1234', '9624340947', 'jenish@gmail.com', '2000-03-03', 'KATARGAM', 'Gujarat'),
(13, 'Receptionist', 'Mr. Denver', 'denver12', '12345', '8141651654', 'xyz@gmail.com', '1999-10-03', '', 'Gujarat'),
(14, 'Doctor', 'Dr. Kishan', 'Kishan', '12345', '8998479420', 'xyz@gmail.com', '1999-10-02', 'NANA VARACHHA', 'Gujarat'),
(15, 'Doctor', 'Dr. Kishan', 'Kishan', '12345', '8998479420', 'xyz@gmail.com', '1999-10-02', 'NANA VARACHHA', 'Gujarat'),
(20, 'Doctor', 'Dr. Ayushi', 'ayushi', '12345', '', 'aaaaaaa@gmail.com', '1999-09-16', '', ''),
(21, 'Doctor', 'Mr. Robert', 'Mr. Rob', 'Rob@@', '', 'robert1993@gmail.com', '1993-10-25', '', ''),
(22, 'Doctor', 'Mr. X', 'XY', 'XYZ@@', '4898787489', 'x@gmail.com', '1654-01-03', 'VB', 'Gujarat'),
(25, 'Patient', 'het', 'Mr. Het', 'Het@@', '8980843818', 'het@gmail.com', '2000-03-16', 'DINDOLI', 'Gujarat'),
(28, 'Receptionist', 'Mrs. Deepti', 'Mrs. Deepti', 'D123@@', '123-456', 'xyzhospital@gmail.com', '2005-10-19', 'Near Street Howkings', 'Mumbai');

--
-- Constraints for dumped tables
--

--
-- Constraints for table `appointment`
--
ALTER TABLE `appointment`
  ADD CONSTRAINT `appointment_ibfk_1` FOREIGN KEY (`d_id`) REFERENCES `doctor` (`d_id`),
  ADD CONSTRAINT `appointment_ibfk_2` FOREIGN KEY (`p_id`) REFERENCES `patient` (`p_id`);

--
-- Constraints for table `doctor_fees`
--
ALTER TABLE `doctor_fees`
  ADD CONSTRAINT `doctor_fees_ibfk_1` FOREIGN KEY (`d_id`) REFERENCES `doctor` (`d_id`);

--
-- Constraints for table `medicine`
--
ALTER TABLE `medicine`
  ADD CONSTRAINT `medicine_ibfk_3` FOREIGN KEY (`p_id`) REFERENCES `patient` (`p_id`) ON DELETE CASCADE ON UPDATE CASCADE;

--
-- Constraints for table `patient_test`
--
ALTER TABLE `patient_test`
  ADD CONSTRAINT `patient_test_ibfk_1` FOREIGN KEY (`p_id`) REFERENCES `patient` (`p_id`);

--
-- Constraints for table `prescription`
--
ALTER TABLE `prescription`
  ADD CONSTRAINT `prescription_ibfk_1` FOREIGN KEY (`a_id`) REFERENCES `appointment` (`a_id`),
  ADD CONSTRAINT `prescription_ibfk_2` FOREIGN KEY (`p_id`) REFERENCES `patient` (`p_id`);

--
-- Constraints for table `schedule`
--
ALTER TABLE `schedule`
  ADD CONSTRAINT `schedule_ibfk_1` FOREIGN KEY (`d_id`) REFERENCES `doctor` (`d_id`);

--
-- Constraints for table `test`
--
ALTER TABLE `test`
  ADD CONSTRAINT `test_ibfk_2` FOREIGN KEY (`p_id`) REFERENCES `patient` (`p_id`) ON DELETE CASCADE ON UPDATE CASCADE;

--
-- Constraints for table `timeslot`
--
ALTER TABLE `timeslot`
  ADD CONSTRAINT `timeslot_ibfk_2` FOREIGN KEY (`time_id`) REFERENCES `doctor` (`d_id`) ON DELETE CASCADE ON UPDATE CASCADE;

/*!40101 SET CHARACTER_SET_CLIENT=@OLD_CHARACTER_SET_CLIENT */;
/*!40101 SET CHARACTER_SET_RESULTS=@OLD_CHARACTER_SET_RESULTS */;
/*!40101 SET COLLATION_CONNECTION=@OLD_COLLATION_CONNECTION */;
